groupid,url,title,review_id,sentence_id,text,label_m,metadata-year,metadata-other,label_perplexity,label_copilot,label
5,https://najdoktor.com/tomislav-sajko/d9926,Tomislav Sajko,1,1,"Jako ljubazan, stručan, voljan pomoći.",2,2025,,2,2,2
5,https://najdoktor.com/tomislav-sajko/d9926,Tomislav Sajko,1,2,"Sasluša pacijenta i procijeni što je najbolje učiniti kako bi se riješile tegobe - u mom slučaju, kako bih uopće došla do konačne dijagnoze.",2,2025,,1,2,2
5,https://najdoktor.com/tomislav-sajko/d9926,Tomislav Sajko,1,3,Jedan od rijetkih doktora koji želi znati sve tegobe neovisno jesu li isključivo vezane za njegovo područje.,2,2025,,1,2,2
5,https://najdoktor.com/tomislav-sajko/d9926,Tomislav Sajko,2,1,Najbolji neurokirurg kojeg sam upoznala.,2,2024,,2,2,2
5,https://najdoktor.com/tomislav-sajko/d9926,Tomislav Sajko,2,2,"Spasio me od nepokretnosti, života u bolovima i nemoći.",2,2024,,2,2,2
5,https://najdoktor.com/tomislav-sajko/d9926,Tomislav Sajko,2,3,Stopalo desne noge je palo (nervus peroneus).,2,2024,,1,1,1
5,https://najdoktor.com/tomislav-sajko/d9926,Tomislav Sajko,2,4,Nakon operacije svi bolovi su nestali a stopalo se sa vremenom uz fizikalnu terapiju vratilo u funkciju.,2,2024,,1,2,2
5,https://najdoktor.com/tomislav-sajko/d9926,Tomislav Sajko,3,1,"Dragi svi, Operirala sam lumbalni dio kraljeznice 31.7.2024.",2,2024,,1,1,1
5,https://najdoktor.com/tomislav-sajko/d9926,Tomislav Sajko,3,2,Prvi pregled kod Sajka kao i susret s njim prije i poslije operacije bio je ugodan i profesionalan.,2,2024,,2,2,2
5,https://najdoktor.com/tomislav-sajko/d9926,Tomislav Sajko,3,3,Profesionalac koji unaprijed zna sto pocijenta zanima i bez ikakvih dodatnih pitanja dobijete odmah sve bitne i kljucne informacije.,2,2024,,1,2,2
5,https://najdoktor.com/tomislav-sajko/d9926,Tomislav Sajko,4,1,"Pređeni kilometri uzaludno za 4 minute pregleda i 750 kn , izvikani , bahati i čak bi se usudio reći slab sa živcima.",0,2024,,0,0,0
5,https://najdoktor.com/tomislav-sajko/d9926,Tomislav Sajko,4,2,Ne preporučam .,0,2024,,0,0,0
5,https://najdoktor.com/tomislav-sajko/d9926,Tomislav Sajko,5,1,Vrhunski odrađena operacija.,2,2023,,2,2,2
5,https://najdoktor.com/tomislav-sajko/d9926,Tomislav Sajko,5,2,"Svakodnevna kontrola, detaljno objašnjenje svih mojih pitanja.",2,2023,,1,2,2
5,https://najdoktor.com/tomislav-sajko/d9926,Tomislav Sajko,6,1,"Tomislav Sajko jedan je izuzetan liječnik i još bolji čovjek, svijetla točka našeg zdravstva.",2,2023,,2,2,2
5,https://najdoktor.com/tomislav-sajko/d9926,Tomislav Sajko,6,2,Prije 3 mjeseca je operirao mog svekra (diskus hernija - ekstruzija diska) i vratio ga u život.,2,2023,,2,2,2
5,https://najdoktor.com/tomislav-sajko/d9926,Tomislav Sajko,8,1,"Doktor koji uništava kičme , a nitko mu ništa ne može...",0,2023,,0,0,0
5,https://najdoktor.com/tomislav-sajko/d9926,Tomislav Sajko,8,2,Dno dna da takav Doktor uopće smije operirati pacijente nakon svih neuspješnim operacija.,0,2023,,0,0,0
5,https://najdoktor.com/tomislav-sajko/d9926,Tomislav Sajko,8,3,Sama sam jedna od njih.,0,2023,,1,0,0
5,https://najdoktor.com/tomislav-sajko/d9926,Tomislav Sajko,12,1,"Nakon 3 operacije kralježnice i stabilzacije kralježnice , doktor je rekao da ne vidi cemu bol, onda me je poslao na CT gdje se vidjelo da je implantat ispao u spirani kanal ..",0,2022,,1,0,0
5,https://najdoktor.com/tomislav-sajko/d9926,Tomislav Sajko,12,2,"to je izvadio , bolovi mi ne staju ni nakon toga, doktor se ne javlja uopće niti vidi razlog moje boli....",0,2022,,0,0,0
5,https://najdoktor.com/tomislav-sajko/d9926,Tomislav Sajko,19,1,"Pozdrav, Pišem ovaj komentar zbog svoje svoje tete koja je bila kod dr. Sajka na operaciji kralježnice.",0,2019,,1,1,1
5,https://najdoktor.com/ulla-marton/d10900,Ulla Marton,1,1,"Doktorica Ulla Marton je vodila obje trudnoće našeg djeteta, i oboje su bile rizične.",2,2025,,1,2,2
5,https://najdoktor.com/ulla-marton/d10900,Ulla Marton,1,2,"Tragajući za liječnikom koji će biti u stanju prepoznati zdravstveno stanje i voditi u razdoblju nesigurnosti u plodnost, nije bilo lako.",2,2025,,1,2,2
5,https://najdoktor.com/ulla-marton/d10900,Ulla Marton,1,3,Doktorica Manda Marton je na prvom pregleda napravila ogroman zaokret u pogledu pojašnjenja i vodstva.,2,2025,,1,2,2
5,https://najdoktor.com/ulla-marton/d10900,Ulla Marton,1,4,"Nakon toga je dr.Ulla Marton nastavila voditi cijelu trudnoću, sve do poroda na KB Sveti Duh.",2,2025,,1,2,2
5,https://najdoktor.com/ulla-marton/d10900,Ulla Marton,1,5,"Jednako tako je vodila vrlo brižno i drugu trudnoću, koja je ispala još rizičnija.",2,2025,,1,2,2
5,https://najdoktor.com/ulla-marton/d10900,Ulla Marton,1,6,"Doktoricu Ullu Marton krasi iznimna razina topline, empatije, istinske brige za pacijenticu.",2,2025,,1,2,2
5,https://najdoktor.com/ulla-marton/d10900,Ulla Marton,1,7,Svaki put smo bili uvjereni u to.,2,2025,,1,2,2
5,https://najdoktor.com/ulla-marton/d10900,Ulla Marton,1,8,"Pritom razina stručnosti i realnost procjene nikad nije izostala, štoviše, bila je savršena.",2,2025,,2,2,2
5,https://najdoktor.com/ulla-marton/d10900,Ulla Marton,1,9,Primjećujem da svoj poziv i zvanje iznimno voli.,2,2025,,1,2,2
5,https://najdoktor.com/ulla-marton/d10900,Ulla Marton,1,10,Nikad nije bila loše volje ili odsutna.,2,2025,,1,2,2
5,https://najdoktor.com/ulla-marton/d10900,Ulla Marton,1,11,"Nikad nije odradila pregled ili prijem ""ofrlje"", dapače.",2,2025,,1,2,2
5,https://najdoktor.com/ulla-marton/d10900,Ulla Marton,1,12,"Doktorica Ulla Marton, zajedno s dr. Mandom Marton je pomogla da se unatoč ne savršenim zdravstvenim ginekol.okolnostima, naših dvoje anđela zdravo rode.",2,2025,,2,2,2
5,https://najdoktor.com/ulla-marton/d10900,Ulla Marton,1,13,Toplina i stručnost kojom smo bili okruženi svaki put kad bismo došli na praćenje i kontrolu bila je uvijek iznimna.,2,2025,,1,2,2
5,https://najdoktor.com/ulla-marton/d10900,Ulla Marton,1,14,"To je ranjivoj ženi ispredanoj od liječenja i bolnica, kao i suprugu jako važno.",2,2025,,1,2,2
5,https://najdoktor.com/ulla-marton/d10900,Ulla Marton,1,15,Zauvijek ćemo joj biti zahvalni.,2,2025,,1,2,2
5,https://najdoktor.com/ulla-marton/d10900,Ulla Marton,1,16,Iznimna liječnica i čovjek.,2,2025,,1,2,2
5,https://najdoktor.com/ulla-marton/d10900,Ulla Marton,2,1,O dr. Marton definitivno sve najbolje.,2,2025,,1,2,2
5,https://najdoktor.com/ulla-marton/d10900,Ulla Marton,2,2,Njezina sam pacijentica više od deset godina i stvarno mogu reći da imam najbolju doktoricu na svijetu.,2,2025,,1,2,2
5,https://najdoktor.com/ulla-marton/d10900,Ulla Marton,2,3,"Iznimno profesionalna i ljubazna kao doktor i kao čovjek, dijagnoza bolesti joj je uvijek na mjestu i uz propisanu terapiju stanje mi se popravlja vrlo brzo.",2,2025,,2,2,2
5,https://najdoktor.com/ulla-marton/d10900,Ulla Marton,3,1,Ovaj komentar me je ostavio bez riječi.,2,2025,,1,2,2
5,https://najdoktor.com/ulla-marton/d10900,Ulla Marton,3,2,Toliko neprijateljskih kleveti i neistina nemogu uopće pojmiti.,2,2025,,1,2,2
5,https://najdoktor.com/ulla-marton/d10900,Ulla Marton,3,3,Vrlo primitivno!,2,2025,,1,2,2
5,https://najdoktor.com/ulla-marton/d10900,Ulla Marton,3,4,"Mama Marton je jedna od najtoplijih, najnježnijih i najpažljivijih ljećnica ginekologije.",2,2025,,2,2,2
5,https://najdoktor.com/ulla-marton/d10900,Ulla Marton,3,5,A da njezino dugogodišnje iskustvo i stvarno veliko profesionalno znaje niti ne spominjem.,2,2025,,1,2,2
5,https://najdoktor.com/ulla-marton/d10900,Ulla Marton,3,6,Ali da bi to netko mogao ocijeniti mora i sam imati barem neko osnovno zanje o osobnoj njezi i vlastitom tijelu.,2,2025,,1,2,2
5,https://najdoktor.com/ulla-marton/d10900,Ulla Marton,3,7,Nakon gotovo 55 godina posjetama ginekologa u Hrvatskoj ali i u inozemstvu mislim da to mogu jako dobro ocijeniti.,2,2025,,1,2,2
5,https://najdoktor.com/ulla-marton/d10900,Ulla Marton,3,8,No očito ovakav nivo nije za svakoga.,2,2025,,1,2,2
5,https://najdoktor.com/ulla-marton/d10900,Ulla Marton,3,9,"A što se tiče KLEVETA, može Vas biti samo sram.",2,2025,,1,2,2
5,https://najdoktor.com/ulla-marton/d10900,Ulla Marton,3,10,I dobro je da više ne dolazite.,2,2025,,1,0,1
5,https://najdoktor.com/ulla-marton/d10900,Ulla Marton,4,1,"Doktorica Ulla Marton je prvenstveno čovjek, a onda i vrlo dobra liječnica.",2,2024,,1,0,1
5,https://najdoktor.com/ulla-marton/d10900,Ulla Marton,4,2,"Svog pacijenta cijeni, ne ismijava, ne obraća se s visoka.",2,2024,,1,0,1
5,https://najdoktor.com/ulla-marton/d10900,Ulla Marton,4,3,Sve pojasni i ne gleda vas samo kroz novčanik.,2,2024,,1,0,1
5,https://najdoktor.com/ulla-marton/d10900,Ulla Marton,4,4,Drago mi je da sam na preporuku otišla do doktorice Ulle.,2,2024,,1,0,1
5,https://najdoktor.com/ulla-marton/d10900,Ulla Marton,9,1,"Nažalost, imala sam negativno iskustvo s doktoricom Marton.",0,2024,,0,2,0
5,https://najdoktor.com/ulla-marton/d10900,Ulla Marton,9,2,Došla sam s nalazima o prisutnosti HPV-a te CIN I.,0,2024,,1,2,1
5,https://najdoktor.com/ulla-marton/d10900,Ulla Marton,9,3,"Doktorica je imala samo jedan savjet, a to je cijepljenje protiv HPV-a (koje ne rješava trenutni probelm jer je virus već prisutan).",0,2024,,1,2,1
5,https://najdoktor.com/ulla-marton/d10900,Ulla Marton,9,4,"Iako je procedura takva da se nakon pozitivnog HPV testa napravi kolposkopija te se vidi koliko su stanice vrata maternice promijenjene te treba li ih ukloniti, doktorica mi je tu opciju predložila kao „možemo to napraviti ukoliko se ne želite cijepiti“, cijelo vrijeme spominjući cijepljenje kao najispravniji korak.",0,2024,,1,2,1
5,https://najdoktor.com/ulla-marton/d10900,Ulla Marton,9,5,"Na sreću, otišla sam kod druge doktorice koja je kolposkopskim pregledom utvrdila da su stanice dosta promijenjene te da treba hitno reagirati kako se ne bi stvorio puno veći problem.",0,2024,,1,1,1
5,https://najdoktor.com/ulla-marton/d10900,Ulla Marton,9,6,"Ovakav pristup doktorice Marton, koji ne pokazuje dovoljno brige prema pacijentu, smatram neprofesionalnim.",0,2024,,0,2,0
5,https://najdoktor.com/ulla-marton/d10900,Ulla Marton,10,1,Doktorica Marton mi je vodila prvu trudnoću.,0,2016,,1,2,1
5,https://najdoktor.com/ulla-marton/d10900,Ulla Marton,10,2,Iako sam bila zadovoljna s njom i vjerovala joj nije se pokazala dobrim dijagnostičarom što je rezultiralo s prijevremenim porodom i boravkom bebe na intenzivnoj od 23 dana.,0,2016,,0,2,0
5,https://najdoktor.com/ulla-marton/d10900,Ulla Marton,10,3,"Vjerujem da je velika većina ljudi zadovoljna s njom budući da je 90% trudnoća uredno, ali onda vam i ne treba posebno dobar liječnik.",0,2016,,2,2,2
5,https://najdoktor.com/ulla-marton/d10900,Ulla Marton,11,1,Zaboravila sam napomenuti da se presvlačite pokraj otvorenih prozora :O užas.,0,2016,,0,1,0
5,https://najdoktor.com/ulla-marton/d10900,Ulla Marton,11,1,"Naručila sam se kod dr.Ulle Marton na pregled, a pregledala me njezina majka.",0,2016,,1,2,1
5,https://najdoktor.com/ulla-marton/d10900,Ulla Marton,11,2,"Živu me isprepadala, da tko zna kakve sam bolesti pokupile (a odnose sam imala samo sa sadnjišim dečkom).",0,2016,,0,2,0
5,https://najdoktor.com/ulla-marton/d10900,Ulla Marton,11,3,Uzela mi i briseve i papa da bi na kraju sve bilo u savršenom redu k tome je koristila RUKAVICU KOJA SE KORISTI ZA TOČENJE GORIVA NA BENZINSKOJ CRPKI.,0,2016,,2,2,2
5,https://najdoktor.com/ulla-marton/d10900,Ulla Marton,11,4,"I sve to sam masno platila, nikad mi nije žao dati novce za zdravlje, ali ovo ne zaslužuje nijednu lipu.",0,2016,,0,2,0
5,https://najdoktor.com/ulla-marton/d10900,Ulla Marton,11,5,"Za dr.Ullu ne mogu ništa reći jer mi se samo u prolazu javila, ali tretman koji sam dobila od njezine majke ne bih ni kobili priuštila, nikad više u tu ordinaciju neću nogom kročiti.",0,2016,,0,2,0
5,https://najdoktor.com/ulla-marton/d10900,Ulla Marton,12,1,Par godina sam išla kod doktorice privatno.,0,2015,,1,2,1
5,https://najdoktor.com/ulla-marton/d10900,Ulla Marton,12,2,"Iako doktorica je korektna i predana svom poslu, smatrala sam da je jednostavno preskupa te da mi ne odgovara kao doktorica.",0,2015,,0,2,0
5,https://najdoktor.com/ulla-marton/d10900,Ulla Marton,12,3,"Vjerujem da ima mnogo vrlo zadovoljnih pacijenta ali ja nažalost nisam jedna, osjećala sam se kao da sam samo broj u nizu.",0,2015,,0,2,0
5,https://najdoktor.com/ulla-marton/d10900,Ulla Marton,12,4,"Ipak hvala na svemu, ali našla sam novog ginekologa koji je više odgovarao i kojem absolutno vjerujem.",0,2015,,2,2,2
5,https://najdoktor.com/ulla-marton/d10900,Ulla Marton,12,1,"što reći o ginekologu koji na vaš odgovor da imate 20 godina i partnera kaže -ah, dječja posla... katastrofa.",0,2015,,0,2,0
5,https://najdoktor.com/ulla-marton/d10900,Ulla Marton,13,1,Nisam bila zadovoljna načinom rada u ordinaciji dr. Marton jer neke pacijentice pregledava ona a neke dr. Manda Marton?,0,2014,,0,2,0
5,https://najdoktor.com/ulla-marton/d10900,Ulla Marton,13,2,"Ja sam bila jednom i eto, po redosljedu sam došla kod dr. Mande i nisam bila zadovoljna.",0,2014,,0,2,0
5,https://najdoktor.com/ulla-marton/d10900,Ulla Marton,13,3,Smatram da se za tu cijenu treba dobiti puno više uljudnosti i ljubaznosti pri pregledu.,0,2014,,1,2,1
5,https://najdoktor.com/ulla-marton/d10900,Ulla Marton,13,4,Također mi je jednako naplaćen UZV+papa+pregled i sami pregled bez UZV-a i pape.,0,2014,,1,2,1
5,https://najdoktor.com/ulla-marton/d10900,Ulla Marton,13,5,"Dr. Manda me nije shvaćala pretjerano ozbiljno jer sam ""mlada"" pa me to malo uvrijedilo.",0,2014,,0,2,0
5,https://najdoktor.com/ivana-borcic-sesar/d13856 ,Ivana Borčić-Sesar,1,1,Evo da i ja malo pohvalim svoju doktoricu!!!,2,2025,,1,2,2
5,https://najdoktor.com/ivana-borcic-sesar/d13856 ,Ivana Borčić-Sesar,1,2,"U njezinom je radu prvenstveno izražena ljudskost i visok stupanj profesionalnosti, izrazito je ljubazna, uvijek vesela te stručna.",2,2025,,2,2,2
5,https://najdoktor.com/ivana-borcic-sesar/d13856 ,Ivana Borčić-Sesar,1,3,Uvijek se maksimalno potrudi pomoći.,2,2025,,1,2,2
5,https://najdoktor.com/ivana-borcic-sesar/d13856 ,Ivana Borčić-Sesar,1,4,Hvala za sve..,2,2025,,2,2,2
5,https://najdoktor.com/ivana-borcic-sesar/d13856 ,Ivana Borčić-Sesar,2,1,Dr.,2,2024,,1,2,2
5,https://najdoktor.com/ivana-borcic-sesar/d13856 ,Ivana Borčić-Sesar,2,2,"Borčić Sesar je izvrsna doktorica, stručna, profesionalna, požrtvovna i nadasve ljubazna osoba.",2,2024,,2,2,2
5,https://najdoktor.com/ivana-borcic-sesar/d13856 ,Ivana Borčić-Sesar,2,3,Mislim da bi se mnogi mogli naučiti od nje kako se ponaša prema pacijentu.,2,2024,,1,2,2
5,https://najdoktor.com/ivana-borcic-sesar/d13856 ,Ivana Borčić-Sesar,3,1,Doktorica je izrazito predana svom poslu!,2,2024,,2,2,2
5,https://najdoktor.com/ivana-borcic-sesar/d13856 ,Ivana Borčić-Sesar,3,2,Zbog nje sam izgubila strah od stomatologa!,2,2024,,1,2,2
5,https://najdoktor.com/ivana-borcic-sesar/d13856 ,Ivana Borčić-Sesar,3,3,Sada dođem opušteno i sjednem na stolicu!,2,2024,,1,2,2
5,https://najdoktor.com/ivana-borcic-sesar/d13856 ,Ivana Borčić-Sesar,3,4,Jako stručna u svom poslu!,2,2024,,2,2,2
5,https://najdoktor.com/ivana-borcic-sesar/d13856 ,Ivana Borčić-Sesar,4,1,"Ljubazna, stručna i pažljiva.",2,2023,,2,2,2
5,https://najdoktor.com/ivana-borcic-sesar/d13856 ,Ivana Borčić-Sesar,4,2,Termini uvijek po dogovoru bez kašnjenja.,2,2023,,1,2,2
5,https://najdoktor.com/ivana-borcic-sesar/d13856 ,Ivana Borčić-Sesar,4,3,Ordinacija i čekaonica uvijek jako uredno i čisto.,2,2023,,1,2,2
5,https://najdoktor.com/ivana-borcic-sesar/d13856 ,Ivana Borčić-Sesar,4,4,Sve pohvale!!,2,2023,,2,2,2
5,https://najdoktor.com/ivana-borcic-sesar/d13856 ,Ivana Borčić-Sesar,5,1,"Izuzetno susretljiva i profesionalna,predana svom poslu.",2,2023,,2,2,2
5,https://najdoktor.com/ivana-borcic-sesar/d13856 ,Ivana Borčić-Sesar,5,2,"Uvijek spremna poslušati, objasniti i riješiti problem.",2,2023,,1,2,2
5,https://najdoktor.com/ivana-borcic-sesar/d13856 ,Ivana Borčić-Sesar,5,3,Svaki zahvat obavi stručno i bezbolno.,2,2023,,2,2,2
5,https://najdoktor.com/ivana-borcic-sesar/d13856 ,Ivana Borčić-Sesar,5,4,Tople preporuke A.P.,2,2023,,1,2,2
5,https://najdoktor.com/ivana-borcic-sesar/d13856 ,Ivana Borčić-Sesar,6,1,"Smirena, i izuzetno strpljiva.",2,2023,,1,2,2
5,https://najdoktor.com/ivana-borcic-sesar/d13856 ,Ivana Borčić-Sesar,6,2,"Prvenstveno čovjek, a onda vrhunska liječnica.",2,2023,,2,0,2
5,https://najdoktor.com/ivana-borcic-sesar/d13856 ,Ivana Borčić-Sesar,6,3,Što se tiće zahvata - uvijek bez greške.,2,2023,,1,0,1
5,https://najdoktor.com/ivana-borcic-sesar/d13856 ,Ivana Borčić-Sesar,6,4,"Rad precizan, ima nježnu ruku, ne odugovlaći.",2,2023,,2,0,2
5,https://najdoktor.com/ivana-borcic-sesar/d13856 ,Ivana Borčić-Sesar,7,1,"Predivna i izuzetno stručna liječnica, ordinacija uvijek besprijekorno čista i uredna kao i prostor čekaonice.",2,2023,,2,0,2
5,https://najdoktor.com/ivana-borcic-sesar/d13856 ,Ivana Borčić-Sesar,7,2,Sestre uvijek ljubazne i nasmijane.,2,2023,,1,0,1
5,https://najdoktor.com/ivana-borcic-sesar/d13856 ,Ivana Borčić-Sesar,7,3,"Posebne pohvale liječnici za rad s malom djecom, jako pristupačna, nježna i puna empatije prema svima.",2,2023,,2,2,2
5,https://najdoktor.com/ivana-borcic-sesar/d13856 ,Ivana Borčić-Sesar,8,1,Pacijentica sam doktorice dent.med.Ivane Borcic od prvog dana otvaranja ordinacije.,2,2023,,1,2,2
5,https://najdoktor.com/ivana-borcic-sesar/d13856 ,Ivana Borčić-Sesar,8,2,"Uvijek je profesionalna, dostupna i informirana o novitetima u dentalnoj medicini.",2,2023,,2,2,2
5,https://najdoktor.com/ivana-borcic-sesar/d13856 ,Ivana Borčić-Sesar,8,3,"To mi je izrazito vazno jer ponudi neka nova rjesenja problema, nove mogucnosti.",2,2023,,1,2,2
5,https://najdoktor.com/ivana-borcic-sesar/d13856 ,Ivana Borčić-Sesar,8,4,S vremenom je cijela moja obitelj postala stalni pacijent.,2,2023,,1,1,1
5,https://najdoktor.com/ivana-borcic-sesar/d13856 ,Ivana Borčić-Sesar,8,5,Hvala Vam dr.Ivana.,2,2023,,2,2,2
5,https://najdoktor.com/ivana-borcic-sesar/d13856 ,Ivana Borčić-Sesar,9,1,Najbolja teta zubarica na svijetu!,2,2023,,2,2,2
5,https://najdoktor.com/ivana-borcic-sesar/d13856 ,Ivana Borčić-Sesar,9,2,Za svaki moj problem je pronašla najbolje rješenje.,2,2023,,1,2,2
5,https://najdoktor.com/ivana-borcic-sesar/d13856 ,Ivana Borčić-Sesar,9,3,"Iako mi je još od djetinjstva odlazak kod zubara bio svojevrsna drama, nikada mi nije bio problem otići kod Ivane.",2,2023,,1,2,2
5,https://najdoktor.com/ivana-borcic-sesar/d13856 ,Ivana Borčić-Sesar,9,4,Učinila je da strah i nelagoda nestanu :),2,2023,,1,1,1
5,https://najdoktor.com/ivana-borcic-sesar/d13856 ,Ivana Borčić-Sesar,10,1,Doktorica Ivana vam doslovno vraća osmijeh na lice!,2,2023,,1,2,2
5,https://najdoktor.com/ivana-borcic-sesar/d13856 ,Ivana Borčić-Sesar,10,2,"Nema straha, nema neizvjesnosti; dobijete objašnjenje za svaki korak koji će napraviti.",2,2023,,1,2,2
5,https://najdoktor.com/ivana-borcic-sesar/d13856 ,Ivana Borčić-Sesar,10,3,"Ovdje ste u stručnim, samouvjerenim i pažljivim rukama!",2,2023,,2,2,2
5,https://najdoktor.com/ivana-borcic-sesar/d13856 ,Ivana Borčić-Sesar,11,1,Svima bih preporučio doktoricu Ivanu jer svim pacijentima koji imaju problem sa zubima rijesit ce na najbolji mogući nacin.,2,2022,,2,2,2
5,https://najdoktor.com/ivana-borcic-sesar/d13856 ,Ivana Borčić-Sesar,11,2,Vrlo je ljubazna i pedantna te predana svome poslu.,2,2022,,2,2,2
5,https://najdoktor.com/ivana-borcic-sesar/d13856 ,Ivana Borčić-Sesar,12,1,"Najbolja doktorica koja postoji, ima dobre savjete, jako je pristupačna i osjećajna, preporučujem i drugima jer je najbolja !",2,2022,,2,2,2
5,https://najdoktor.com/ivana-borcic-sesar/d13856 ,Ivana Borčić-Sesar,13,1,"Apsolutno je naj, naj bolja kao doktorica, kao osoba i kao majka.",2,2021,,1,2,2
5,https://najdoktor.com/ivana-borcic-sesar/d13856 ,Ivana Borčić-Sesar,13,2,Svaka joj čast.,2,2021,,1,2,2
5,https://najdoktor.com/ivana-borcic-sesar/d13856 ,Ivana Borčić-Sesar,13,3,Skidam kapu do poda.?????,2,2021,,1,2,2
5,https://najdoktor.com/ivana-borcic-sesar/d13856 ,Ivana Borčić-Sesar,14,1,Sve je rečeno u samom ocjenjivanju Sve ostalo je suvisno.,2,2021,,1,2,2
5,https://najdoktor.com/ivana-borcic-sesar/d13856 ,Ivana Borčić-Sesar,14,2,STRUČNOST I LJUBAZNOST NA NIVOU.,2,2021,,1,2,2
5,https://najdoktor.com/ivana-borcic-sesar/d13856 ,Ivana Borčić-Sesar,14,3,UVIJEK SPREMNA POMOCI PREPORUČIO BIH ORDINACIJU DR BORCIC SESAR SVIMA,2,2021,,1,2,2
5,https://najdoktor.com/ivana-borcic-sesar/d13856 ,Ivana Borčić-Sesar,15,1,Njezino raspoloženje i samom pacijentu popravi dan.,2,2021,,1,2,2
5,https://najdoktor.com/ivana-borcic-sesar/d13856 ,Ivana Borčić-Sesar,15,2,"Vrlo pristupačna, profesionala , organizirana i ljubazna doktorica.",2,2021,,2,2,2
5,https://najdoktor.com/ivana-borcic-sesar/d13856 ,Ivana Borčić-Sesar,15,3,"Već sam dvije godine njezina pacijentica i dok god mogu, biti ću njezina pacijentica jer joj u potpunosti vjerujem.",2,2021,,1,2,2
5,https://najdoktor.com/ivana-borcic-sesar/d13856 ,Ivana Borčić-Sesar,16,1,Dr.,2,2021,,1,2,2
5,https://najdoktor.com/ivana-borcic-sesar/d13856 ,Ivana Borčić-Sesar,16,2,"Borčić izuzetno je susretljiva, strpljiva i ugodna osoba.",2,2021,,2,2,2
5,https://najdoktor.com/ivana-borcic-sesar/d13856 ,Ivana Borčić-Sesar,16,3,"Savjesna je, stručna i profesionalna.",2,2021,,2,2,2
5,https://najdoktor.com/ivana-borcic-sesar/d13856 ,Ivana Borčić-Sesar,16,4,Dobila sam dojam da jako voli ono što radi.,2,2021,,1,2,2
5,https://najdoktor.com/ivana-borcic-sesar/d13856 ,Ivana Borčić-Sesar,16,5,Temeljita je i redovito savjetuje pacijenta kako preventivno djelovati.,2,2021,,2,2,2
5,https://najdoktor.com/ivana-borcic-sesar/d13856 ,Ivana Borčić-Sesar,17,1,Nakon svih radova bila sam zadovoljna pristupom i profesionalnošću te bih svakako preporučila dr.,2,2021,,2,2,2
5,https://najdoktor.com/ivana-borcic-sesar/d13856 ,Ivana Borčić-Sesar,17,2,Borčić kao osobu kojoj se s punim povjerenjem mozete obratiti.,2,2021,,1,2,2
5,https://najdoktor.com/ivana-borcic-sesar/d13856 ,Ivana Borčić-Sesar,17,3,"Doktorica je izuzetno stručna, angažirana i topla osoba.",2,2021,,2,2,2
5,https://najdoktor.com/ivana-borcic-sesar/d13856 ,Ivana Borčić-Sesar,18,1,"Izrazito ljubazna,strucna,temeljita i jasna.",2,2020,,2,2,2
5,https://najdoktor.com/ivana-borcic-sesar/d13856 ,Ivana Borčić-Sesar,18,2,Sve su to odlike koje krase divnu doktoricu Ivanu.,2,2020,,1,2,2
5,https://najdoktor.com/ivana-borcic-sesar/d13856 ,Ivana Borčić-Sesar,18,3,Kod nje strah od zubara nestaje.,2,2020,,1,2,2
5,https://najdoktor.com/ivana-borcic-sesar/d13856 ,Ivana Borčić-Sesar,18,4,Sve pohvale i tople preporuke.,2,2020,,2,2,2
5,https://najdoktor.com/ivana-borcic-sesar/d13856 ,Ivana Borčić-Sesar,18,5,Ana,2,2020,,1,2,2
5,https://najdoktor.com/ivana-borcic-sesar/d13856 ,Ivana Borčić-Sesar,19,1,Za Ivanu Borčić Sesar rekao bih kako ima poseban pristup prema pacijentu.,2,2020,,1,2,2
5,https://najdoktor.com/ivana-borcic-sesar/d13856 ,Ivana Borčić-Sesar,19,2,"Uvijek je nasmijana, ljubazna, edukativna, a takvo joj je i osoblje.",2,2020,,2,2,2
5,https://najdoktor.com/ivana-borcic-sesar/d13856 ,Ivana Borčić-Sesar,19,3,"Kao njezin pacijent, imam dojam da sam joj najvažniji pacijent, no u razgovoru s drugim osobama shvatio sam kako takav pristup ima prema svim pacijentima.",2,2020,,1,2,2
5,https://najdoktor.com/ivana-borcic-sesar/d13856 ,Ivana Borčić-Sesar,19,4,"Smatram da je kod stomatologa bitna stručnost, ali i dobar pristup, a Ivana je i stručna te ima dobar pristup prema pacijentima.",2,2020,,2,2,2
5,https://najdoktor.com/ivana-borcic-sesar/d13856 ,Ivana Borčić-Sesar,19,5,Sve pohvale za rad Ivani i želim joj puno sreće.,2,2020,,2,2,2
5,https://najdoktor.com/ivana-borcic-sesar/d13856 ,Ivana Borčić-Sesar,19,6,Adam,2,2020,,1,2,2
5,https://najdoktor.com/ivana-borcic-sesar/d13856 ,Ivana Borčić-Sesar,20,1,"Sve pohvale za doktoricu Ivanu, uvijek ljubazna, nasmijana i potpuno predana poslu.",2,2020,,2,2,2
5,https://najdoktor.com/ivana-borcic-sesar/d13856 ,Ivana Borčić-Sesar,20,2,"Strah od zubara nestane kada dodete u njezine ruke.Ordinacija je prekrasna, uvijek uredna i čista, sestra takoder ljubazna, puno uspjeha im želim u radu.",2,2020,,2,2,2
5,https://najdoktor.com/ivana-borcic-sesar/d13856 ,Ivana Borčić-Sesar,21,1,Doktorici Ivani velika pohvala za profesionalnost i posvećenost svakom pacijentu.,2,2020,,2,2,2
5,https://najdoktor.com/ivana-borcic-sesar/d13856 ,Ivana Borčić-Sesar,21,2,Uvijek ljubazna i spremna odgovoriti na sva pitanja.Vrlo je smirena i topla prema malim pacijentima kojima odlazak stomatologu nije neugodno iskustvo.,2,2020,,2,2,2
5,https://najdoktor.com/ivana-borcic-sesar/d13856 ,Ivana Borčić-Sesar,21,3,"Izuzetno pedantna i temeljita,a njezina stručnost ulijeva veliku sigurnost pacijentu.",2,2020,,2,2,2
5,https://najdoktor.com/ivana-borcic-sesar/d13856 ,Ivana Borčić-Sesar,22,1,"Sve pohvale doktorici Ivani i njenim tehničarkama na ljubaznosti, stručnosti, i prije svega iskrenosti, bez nje bih imala zub manje (greškom druge liječnice) i još uvijek živjela u uvjerenju da imam dobre zube kao što su me liječnici prije nje uvjeravali popravljajući po jedan godišnje!",2,2020,,2,2,2
5,https://najdoktor.com/ivana-borcic-sesar/d13856 ,Ivana Borčić-Sesar,23,1,Uspjele su umanjiti moj 'strah od zubara na najmanji mogući'.,2,2019,,1,2,2
5,https://najdoktor.com/ivana-borcic-sesar/d13856 ,Ivana Borčić-Sesar,23,2,"Svojom vedrinom, nasmijanošću, savjetom, uputama.",2,2019,,1,2,2
5,https://najdoktor.com/ivana-borcic-sesar/d13856 ,Ivana Borčić-Sesar,23,3,Doktorica svesrdno pomogla i kad je nećak završio u bolnici.,2,2019,,2,2,2
5,https://najdoktor.com/ivana-borcic-sesar/d13856 ,Ivana Borčić-Sesar,23,4,Svaka čast doktorici i njenoj sestri Mariji.,2,2019,,1,2,2
5,https://najdoktor.com/ivana-borcic-sesar/d13856 ,Ivana Borčić-Sesar,24,1,"Stomatologinja Ivana ima u sebi sve ono što bi najdoktor trebao imati:ljubaznost,srdačnost,nasmijano st,iskrenost,stručnost,pažljivost,razumijevanje ..",2,2019,,2,2,2
5,https://najdoktor.com/ivana-borcic-sesar/d13856 ,Ivana Borčić-Sesar,24,2,"Od prvog dana smo njezini pacijenti i svaki odlazak kod stomatologa nam ne predstavlja baš nikakav problem,kako meni,tako niti mom suprugu i trima kćerkama.I dan danas po dječjim sobama imamo izvješene diplome za hrabrost koje su kćerke dobivale prilikom posjeta našoj stomatologinji Ivani.Naša stomatologinja Ivana s nevjerojatnom lakoćom rješava sve probleme sa zubima na koje smo nailazili,bez imalo bola,bez straha.",2,2019,,1,2,2
5,https://najdoktor.com/ivana-borcic-sesar/d13856 ,Ivana Borčić-Sesar,24,3,"Prije petnaestak godina su mi popravljeni svi zubi u praktički svega nekoliko odlazaka k njoj,i od tada odlazim samo na redovne kontrole.",2,2019,,1,2,2
5,https://najdoktor.com/ivana-borcic-sesar/d13856 ,Ivana Borčić-Sesar,24,4,"To dovoljno govori o kvaliteti materijala koji koristi,njezinoj stručnosti i vrhunskom znanju.",2,2019,,1,2,2
5,https://najdoktor.com/ivana-borcic-sesar/d13856 ,Ivana Borčić-Sesar,24,5,"Što se tiče njezinog osoblja,vrlo je lijep osjećaj kada nazovete,a sestra Marija srdačno razgovara s vama,pita vas kako ste ,naručuje vas u ekspresnom terminu.Prostor stomatološke radionice je ambijentalni,moderan,opuštajući i izuzetno uredan.",2,2019,,1,2,2
5,https://najdoktor.com/ivana-borcic-sesar/d13856 ,Ivana Borčić-Sesar,24,6,Toplo preporučujemo našu stomatologinju Ivanu svakom pacijentu.,2,2019,,2,2,2
5,https://najdoktor.com/ivana-borcic-sesar/d13856 ,Ivana Borčić-Sesar,25,1,"Dr Ivana Borcic Sesar je strucna, ljubazna, puna razumjevanja, strpljenja, spremna uvijek saslusati, savjetovati i pronaci najbolje rijesenje za pacijenta.",2,2019,,2,2,2
5,https://najdoktor.com/ivana-borcic-sesar/d13856 ,Ivana Borčić-Sesar,25,2,"Kcerku koja se bojala zubara, uspjela je osloboditi straha, te od tada nas svaki posjet njoj je opusten.",2,2019,,1,2,2
5,https://najdoktor.com/ivana-borcic-sesar/d13856 ,Ivana Borčić-Sesar,25,3,Za osoblje ordinacije također sve pohvale.,2,2019,,2,2,2
5,https://najdoktor.com/ivana-borcic-sesar/d13856 ,Ivana Borčić-Sesar,26,1,"Moj svaki odlazak stomatologu je opušten i miran jer uz stručnost, mirnu ruku ,vedru i nasmijanu dr.",2,2019,,1,2,2
5,https://najdoktor.com/ivana-borcic-sesar/d13856 ,Ivana Borčić-Sesar,26,2,Ivanu koja te svaki puta uputi i objasni koji je moj problem te predloži najbolje dugoročno rješenje za moje zube.,2,2019,,1,2,2
5,https://najdoktor.com/ivana-borcic-sesar/d13856 ,Ivana Borčić-Sesar,26,3,"Ugodna atmosfera,uredan i čist prostor te uvijek nasmijana sestra Marija nestaje strah od stomatologa.",2,2019,,2,2,2
5,https://najdoktor.com/ivana-borcic-sesar/d13856 ,Ivana Borčić-Sesar,26,4,Ako i TI želiš imati kao i ja prekrasan osmijeh i prvenstveno zdrave zube uputi se na adresu dr.,2,2019,,1,2,2
5,https://najdoktor.com/ivana-borcic-sesar/d13856 ,Ivana Borčić-Sesar,26,5,Ivane jer nećeš požaliti.,2,2019,,1,2,2
5,https://najdoktor.com/ivana-borcic-sesar/d13856 ,Ivana Borčić-Sesar,27,1,"Svakome bih ju preporučila: stručna, odličan dijagnostičar, pažljivo sluša i sve objasni pacijentu, ima odlično opremljenu ordinaciju, temeljita, strpljiva, puna je blagosti i suosjećanja, etična..ima izuzetno ljubaznu i dobro obučenu sestru.Straha od odlaska zubaru više nema od kada smo njezini pacijenti.Svi članovi obitelji su postali njezini pacijenti .",2,2019,,2,2,2
5,https://najdoktor.com/ivana-borcic-sesar/d13856 ,Ivana Borčić-Sesar,28,1,"Izrazito stručna osoba koja jako kvalitetno obavlja svoj posao, a sve u skladu sa trendovima.",2,2019,,2,2,2
5,https://najdoktor.com/ivana-borcic-sesar/d13856 ,Ivana Borčić-Sesar,28,2,Vrlo ambiciozna osoba spremna pomoći te odraditi svoj zadatak na najbolji mogući nacin.,2,2019,,2,2,2
5,https://najdoktor.com/ivana-borcic-sesar/d13856 ,Ivana Borčić-Sesar,28,3,"Uglavnom,sve najbolje..",2,2019,,1,2,2
5,https://najdoktor.com/ivana-borcic-sesar/d13856 ,Ivana Borčić-Sesar,29,1,"Doktorica Ivana je stručna, srdačna, pristupačna i stalno se educira; savjetuje pacijenta i daje mu preporuke-ja sam njom preprezadovoljna!",2,2019,,2,2,2
5,https://najdoktor.com/ivana-borcic-sesar/d13856 ,Ivana Borčić-Sesar,29,2,Atmosfera u prelijepo uređenoj modernoj ordinaciji od ljubazne stručne sestre do sposobne doktorice je opuštajuća i ugodna.,2,2019,,2,2,2
5,https://najdoktor.com/ivana-borcic-sesar/d13856 ,Ivana Borčić-Sesar,29,3,Sve pohvale!,2,2019,,2,2,2
5,https://najdoktor.com/ivana-borcic-sesar/d13856 ,Ivana Borčić-Sesar,30,1,"Dr.Ivana strucna, ljubazna, susretljiva svima bih ju preporucila.",2,2019,,2,2,2
5,https://najdoktor.com/ivana-borcic-sesar/d13856 ,Ivana Borčić-Sesar,30,2,"Sve tretmane zubi radim kod nje, prezadovoljna sam.",2,2019,,2,2,2
5,https://najdoktor.com/ivana-borcic-sesar/d13856 ,Ivana Borčić-Sesar,30,3,"Ambijent i atmosfera, ugodna i opustajuca, jedno rijecju ambulanta je prekrasna.",2,2019,,2,2,2
5,https://najdoktor.com/ivana-borcic-sesar/d13856 ,Ivana Borčić-Sesar,30,4,Moram napomenuti da je i sestra Marija uvijek vesela i nasmijana i dobro obucena( tako to ide uz krasnu doktoricu).,2,2019,,1,2,2
5,https://najdoktor.com/ivana-borcic-sesar/d13856 ,Ivana Borčić-Sesar,30,5,Draga doktorice hvala za sve i vidimo se uskoro.Marina,2,2019,,2,2,2
5,https://najdoktor.com/ivana-borcic-sesar/d13856 ,Ivana Borčić-Sesar,31,1,"Sve pohvale za doktoricu Ivanu i njezinu sestru.Odnos prema pacijentu na visokom nivou.Susretljivost,ljubaznos i strpljivost za nas koji smo imali strah prema stomatolozima.",2,2019,,2,2,2
5,https://najdoktor.com/ivana-borcic-sesar/d13856 ,Ivana Borčić-Sesar,31,2,"Vrhunski opremljena ordinacija,sa toplim duhom i ugodnim ambijentom.",2,2019,,2,2,2
5,https://najdoktor.com/ivana-borcic-sesar/d13856 ,Ivana Borčić-Sesar,31,3,"Želim Vam uspješan rad i puno pacijenta,jer ste vi to zaslužili.",2,2019,,1,2,2
5,https://najdoktor.com/ivana-borcic-sesar/d13856 ,Ivana Borčić-Sesar,31,4,Sretno!,2,2019,,1,2,2
5,https://najdoktor.com/ivana-borcic-sesar/d13856 ,Ivana Borčić-Sesar,32,1,"Na prvom mjestu profesionalnost,susretljivost i ljubaznost.",2,2019,,2,2,2
5,https://najdoktor.com/ivana-borcic-sesar/d13856 ,Ivana Borčić-Sesar,32,2,"Od kada idem kod dr.Borčić -Sesar nema više boli,straha od zubara i imam prekrasan osmjeh.",2,2019,,1,2,2
5,https://najdoktor.com/ivana-borcic-sesar/d13856 ,Ivana Borčić-Sesar,32,3,Ordinacija izrazito moderno opremljena gdje se osjecam ugodno i opusteno.,2,2019,,1,2,2
5,https://najdoktor.com/ivana-borcic-sesar/d13856 ,Ivana Borčić-Sesar,32,4,"Sestra uvijek vesela i nasmijana i uvijek nam uspije ""stvoriti "" termin.",2,2019,,1,2,2
5,https://najdoktor.com/ivana-borcic-sesar/d13856 ,Ivana Borčić-Sesar,32,5,Svima bih preporucila doktoricu kojoj sam jako zahvalna!,2,2019,,2,2,2
5,https://najdoktor.com/ivana-borcic-sesar/d13856 ,Ivana Borčić-Sesar,33,1,"Radila sam u ordinaciji Borčić Sesar dvije plombe,čiščećenje i pjeskarenje zubi.",2,2019,,1,2,2
5,https://najdoktor.com/ivana-borcic-sesar/d13856 ,Ivana Borčić-Sesar,33,2,Imam samo riječi hvale.,2,2019,,1,2,2
5,https://najdoktor.com/ivana-borcic-sesar/d13856 ,Ivana Borčić-Sesar,33,3,Termini nisu dugi.,2,2019,,1,2,2
5,https://najdoktor.com/ivana-borcic-sesar/d13856 ,Ivana Borčić-Sesar,33,4,"Doktorica je jako pažljiva,stručna i pedantna.",2,2019,,2,2,2
5,https://najdoktor.com/ivana-borcic-sesar/d13856 ,Ivana Borčić-Sesar,33,5,Ima nježnu ruku i jako se trudi da je sve u redu.,2,2019,,1,2,2
5,https://najdoktor.com/ivana-borcic-sesar/d13856 ,Ivana Borčić-Sesar,33,6,"Sestra također ugodna, prostor u kojem rade je prekrasan, uredan i čist.",2,2019,,2,2,2
5,https://najdoktor.com/ivana-borcic-sesar/d13856 ,Ivana Borčić-Sesar,33,7,Svima preporučujem odlazak kod dr.,2,2019,,2,2,2
5,https://najdoktor.com/ivana-borcic-sesar/d13856 ,Ivana Borčić-Sesar,33,8,"Ivane bez straha,jer će te izaći s osmijehom na licu.",2,2019,,1,2,2
5,https://najdoktor.com/ivana-borcic-sesar/d13856 ,Ivana Borčić-Sesar,34,1,"Svima bih ju preporučila.. ljubazna , stručna i temeljita.",2,2019,,2,2,2
5,https://najdoktor.com/ivana-borcic-sesar/d13856 ,Ivana Borčić-Sesar,34,2,"Nakon tretmana sam bila prezadovoljna, te sam cijeli dan gledala zube i divila se Izvedba plombe na zubu je savršena , te zub izgleda kao da nikad nije bio pokvaren.",2,2019,,2,2,2
5,https://najdoktor.com/ivana-borcic-sesar/d13856 ,Ivana Borčić-Sesar,34,3,Uz sve to tretman je bio brz i bezbolan.,2,2019,,2,2,2
5,https://najdoktor.com/ivana-borcic-sesar/d13856 ,Ivana Borčić-Sesar,35,1,"Kod samog ulaska u ordinaciju, gdje Vas dočeka uvijek nasmijana i veselo raspoložena sestra, shvatite kako posjet zubaru može biti ugodan i opušten.",2,2019,,2,2,2
5,https://najdoktor.com/ivana-borcic-sesar/d13856 ,Ivana Borčić-Sesar,35,2,"Osoblje izuzetno profesionalno i ljubazno, na prvi pogled se vidi da vole svoja posao i zbilja uživaju u njemu.",2,2019,,1,2,2
5,https://najdoktor.com/ivana-borcic-sesar/d13856 ,Ivana Borčić-Sesar,35,3,"Doktorica je temeljita, brza i nježna, pacijentu objašnjava sve korake svog posla.",2,2019,,2,2,2
5,https://najdoktor.com/ivana-borcic-sesar/d13856 ,Ivana Borčić-Sesar,35,4,Ambijent i atmosfera su toliko ugodni i opuštajući da poželite svaki tjedan ići kod zubara.,2,2019,,1,2,2
5,https://najdoktor.com/marko-velepic/d18466,Marko Velepič,1,1,Neljubazan i arogantan lijecnik,0,2026,,0,0,0
5,https://najdoktor.com/marko-velepic/d18467,Marko Velepič,1,2,Na hitnu sam dosao pun bolova u ustima,0,2026,,1,0,0
5,https://najdoktor.com/marko-velepic/d18468,Marko Velepič,1,3,"Grubo me je odgurnuo kada sam sjeo na stolicu, nije izgovorio gotovo nijednu rijec od pozdrava pa dalje",0,2026,,0,0,0
5,https://najdoktor.com/marko-velepic/d18469,Marko Velepič,1,4,Izuzetno neljubazan i ljut na sebe i cijeli svijet,0,2026,,0,0,0
5,https://najdoktor.com/marko-velepic/d18470,Marko Velepič,1,5,Zao mi je osoblja koje ga mora trpjeti,0,2026,,1,0,0
5,https://najdoktor.com/marko-velepic/d18471,Marko Velepič,1,6,Zadnje sto ocekujete kada imate jake bolove je ovakav lijecnik,0,2026,,1,0,0
5,https://najdoktor.com/marko-velepic/d18472,Marko Velepič,2,1,"5,4",2,2023,,1,1,1
5,https://najdoktor.com/marko-velepic/d18473,Marko Velepič,2,2,imali smo pregled kod doktora da potvrdi dijagnoza koju su primjetile lječnice iz KBC par dana prije,2,2023,,1,2,2
5,https://najdoktor.com/marko-velepic/d18474,Marko Velepič,2,3,"Vrlo brzo napravili smo sve preglede, nikad nismo za ništa predugo čekali",2,2023,,1,2,2
5,https://najdoktor.com/marko-velepic/d18475,Marko Velepič,2,4,"Šokirana da mi dijete nagluho i da treba operaciju bubnjića, cjevčice u drugo uho i vađenje trećeg krajnika, a na jesen kreće u školu,",2,2023,,1,2,2
5,https://najdoktor.com/marko-velepic/d18476,Marko Velepič,2,5,"nisam se stigla ni informirati ,...već sam dobila mail da je operacija 2.5",2,2023,,1,2,2
5,https://najdoktor.com/marko-velepic/d18477,Marko Velepič,2,6,"Nakon operacije imali smo par kontrola, sve je uredno zarastalo",2,2023,,1,2,2
5,https://najdoktor.com/marko-velepic/d18478,Marko Velepič,2,7,"Tako da smo do škole, tj. već sad riješili sve i možemo se bezbrižno kupati!",2,2023,,1,2,2
5,https://najdoktor.com/marko-velepic/d18479,Marko Velepič,2,8,Stvarno sam zahvalana doktoru da je primljena tako brzo i da je to tako uspješno napravljeno,2,2023,,2,2,2
5,https://najdoktor.com/marko-velepic/d18480,Marko Velepič,3,1,"Doktor je vrlo susretljiv, ljubazan, pristupačan te konstruktivan",2,2021,,2,2,2
5,https://najdoktor.com/marko-velepic/d18481,Marko Velepič,3,2,Nemam nikakvog prigovora kod njegovog pristupa,2,2021,,1,2,2
5,https://najdoktor.com/marko-velepic/d18482,Marko Velepič,4,1,"Nakon 1.5h zakasnjenja primljen sam kako bi doticni potpuno ignorirao moja pitanja i izbacio me van nakon dvije minute sa rijecima upucenima medicinskoj sestri: ""Ja sam to obavio""",0,2020,,0,0,0
5,https://najdoktor.com/marko-velepic/d18483,Marko Velepič,4,2,"Primjer arogantnog doktora koji je to postao iz meni nepoznatog razloga, no taj razlog zasigurno nije pomoc pacijentu, jer njemu je to ocito zadnje na listi zivotnih prioriteta",0,2020,,1,0,0
5,https://najdoktor.com/marko-velepic/d18484,Marko Velepič,4,3,"Na krucijalna pitanja o mojem zdravlju, koja ne zahtijevaju vise od dvije minute njegova vremena on okrece glavu",0,2020,,1,0,0
5,https://najdoktor.com/marko-velepic/d18485,Marko Velepič,4,4,"Uz arogantan mi pogled govori da se vratim za dva mjeseca, a na nalaz napise za dva dana",0,2020,,0,0,0
5,https://najdoktor.com/marko-velepic/d18486,Marko Velepič,4,5,Ovakve su osobe sramota modernog hrvatskog drustva,0,2020,,0,0,0
5,https://najdoktor.com/marko-velepic/d18487,Marko Velepič,4,6,"Ovo mi nije prvo negativno iskustvo s doticnim ""doktorom""",0,2020,,0,0,0
5,https://najdoktor.com/marko-velepic/d18488,Marko Velepič,4,7,Prosli me puta pitao s cime imam problema,0,2020,,1,0,0
5,https://najdoktor.com/marko-velepic/d18489,Marko Velepič,4,8,"Kada sam rekao ""kronicna upala sluznice"", rekao mi je da prestanem lupat nesto sto sam napamet naucio i sto ne razumijem, i opisem simptome",0,2020,,1,0,0
5,https://najdoktor.com/marko-velepic/d18490,Marko Velepič,4,9,"Zanimljivo kako pretpostavlja da nakon dvadeset godina problema s navedenom dijagnozom ja ""napamet lupam""",0,2020,,1,0,0
5,https://najdoktor.com/marko-velepic/d18491,Marko Velepič,4,10,O ovoj osobi nazalost nemam reci nista pozitivno,0,2020,,1,0,0
5,https://najdoktor.com/marko-velepic/d18492,Marko Velepič,4,11,Potpuno razocaranje,0,2020,,0,0,0
5,https://najdoktor.com/marko-velepic/d18493,Marko Velepič,5,1,Katastrofalan pristup pacijentu na hitnom prijemu uz ocigledno lose raspolozenje doktora koje se oslikava na rad i strucnost u situaciji,0,2020,,0,0,0
5,https://najdoktor.com/marko-velepic/d18494,Marko Velepič,5,2,"Nakon kratke intervencije za koju smatram da se moze odraditi s vise ljudskosti zbog bolova koje je pacijent pokazao prije, za vrijeme i nakon intervencije doktor daje kratko i nerazumne upute u odlasku",0,2020,,1,0,0
5,https://najdoktor.com/marko-velepic/d18495,Marko Velepič,5,3,Na izlasku iz zgrade med. sestra ponavlja upute koje je doktor dao iz ociglednog razloga jer je i ona uvidjela da ponasanje doktora prema pacijentu nije primjereno i krajnje neprofesionalno,0,2020,,0,0,0
5,https://najdoktor.com/marko-velepic/d18496,Marko Velepič,5,4,Intervencija koja je odradena je pomogla i ublazila bolove,0,2020,,2,1,1
5,https://najdoktor.com/marko-velepic/d18497,Marko Velepič,6,1,"Profesionalan , ljubazan",2,2019,,2,2,2
5,https://najdoktor.com/marko-velepic/d18498,Marko Velepič,6,2,Stručnjak u svome poslu,2,2019,,1,2,2
5,https://najdoktor.com/marko-velepic/d18499,Marko Velepič,6,3,Zahvalna na zahvatu koji je napravio iskreno ga preporučujem svima,2,2019,,2,2,2
5,https://najdoktor.com/marko-velepic/d18500,Marko Velepič,6,4,U uvjetima u kojima rade zaista zaslužuju puno poštovanje od svih pacijenata,2,2019,,1,2,2
5,https://najdoktor.com/marko-velepic/d18501,Marko Velepič,6,5,Hvala,2,2019,,2,2,2
5,https://najdoktor.com/marko-velepic/d18502,Marko Velepič,7,1,Operirala sam otosklerozu na oba uha prije tri godine,2,2019,,1,2,2
5,https://najdoktor.com/marko-velepic/d18503,Marko Velepič,7,2,Bila sam već skoro gluha,2,2019,,1,2,2
5,https://najdoktor.com/marko-velepic/d18504,Marko Velepič,7,3,U 7 mjeseci su obavljene obje operacije i to savršeno,2,2019,,2,2,2
5,https://najdoktor.com/marko-velepic/d18505,Marko Velepič,7,4,U međuvremenu sam se odselila u Njemačku i već sam bila kod dva doktora na pregledima koji su oduševljeni kad vide sa kakvim je to uspjehom napravljeno,2,2019,,2,2,2
5,https://najdoktor.com/marko-velepic/d18506,Marko Velepič,7,5,Čude se i hvale doktora koji je to napravio,2,2019,,1,2,2
5,https://najdoktor.com/marko-velepic/d18507,Marko Velepič,7,6,"Čudno im je da je u obje operacije postigao takav uspjeh, kao i da se u uhu ništa ne vidi",2,2019,,1,2,2
5,https://najdoktor.com/marko-velepic/d18508,Marko Velepič,7,7,J vjerujem da mu uvijek tako dobro uspije,2,2019,,1,2,2
5,https://najdoktor.com/marko-velepic/d18509,Marko Velepič,7,8,"Čujem naravno sve i samo mi je negdje u magli ostalo u sjećanju kako je to ništa ne čuti, naprezati se da čujem, čitati sa usana, izbjegavati razgovore ili se samo smješkati da ne pitam ljude da stalno ponavljaju",2,2019,,1,1,1
5,https://najdoktor.com/marko-velepic/d18510,Marko Velepič,7,9,Mogu naravno i pohvaliti ljubaznost i profesionalnost doktora koji je sve objasnio i lijepo me uputio tako da ni u jednom trenutku nisam bila nesigurna i znala sam što me čeka,2,2019,,1,2,2
5,https://najdoktor.com/marko-velepic/d18511,Marko Velepič,8,1,dr.sc,2,2016,,1,1,1
5,https://najdoktor.com/marko-velepic/d18512,Marko Velepič,8,2,"Velepič svojim znanjem, vještinama i kompetencijama, nizanjem uspjeha ali i uz maksimalnu profesionalnost, svojom zadržanom toplinom i ljudskošću zaslužuje mjesto uz bok svjetskim ORL facama",2,2016,,1,2,2
5,https://najdoktor.com/marko-velepic/d18513,Marko Velepič,8,3,"Srećom, to je ""naš čovik"" i hvala mu što je još uvijek tu!",2,2016,,2,2,2
5,https://najdoktor.com/marko-velepic/d18514,Marko Velepič,9,1,"Vrhunski otorinac i kirurg glave i vrata, jedan od vecih uspjeha postigao fantasticnom rekonstrukcijom uske i vracanju sluha 6-godisnjoj djevojcici , ali i mnogim drugima ugradjivanjem kohlearnog implatata",2,2016,,2,2,2
5,https://najdoktor.com/marko-velepic/d18515,Marko Velepič,9,2,Ucio je od najboljh i njihovo znanje vjesto prenosi i prakticira,2,2016,,1,2,2
5,https://najdoktor.com/marko-velepic/d18516,Marko Velepič,9,3,"Meni je radio rinoseptoplastiku-zahvat je izveo maestralno, bez postoperativnih podljeva i otoka, bez boli i neugode",2,2016,,2,2,2
5,https://najdoktor.com/marko-velepic/d18517,Marko Velepič,9,4,"Tijekom mog boravka u bolnici bio je izrazito pristupacan i neizmjerno ljubazan ne samo prema meni vec i prema mojoj obitelji, ali i prema drugim svojim pacijentima, uvijek strpljiv, u odgovorima i objasnjenjima jasan, konkretan i koncizan",2,2016,,2,2,2
5,https://najdoktor.com/marko-velepic/d18518,Marko Velepič,9,5,"Jako ugodna osoba, mlad ( i ne mogu da ne primjetim-bezobrazno zgodan:-) doktor koji zraci pozitivnom energijom i jednostavno ulijeva povjerenje svojim pacijentima; sigurna sam da ce u svojoj karijeri nizati jos brojne i nenadmasive uspjehe",2,2016,,2,2,2
5,https://najdoktor.com/marko-velepic/d18519,Marko Velepič,9,6,Sve pohvale i preporuke!,2,2016,,2,2,2
5,https://najdoktor.com/marko-velepic/d18520,Marko Velepič,9,7,"Tijekom boravka u bolnici bio je izrazito pristupacan i ljubazan ne samo prema meni vec i prema mojoj obitelji, uvijek savrseno jasan, konkretan i koncizan",2,2016,,2,2,2
5,https://najdoktor.com/marko-velepic/d18521,Marko Velepič,9,8,svoje pacijente i tretira ih s velikom dozom postovanja i profesionalnosti,2,2016,,1,2,2
5,https://najdoktor.com/marko-velepic/d18522,Marko Velepič,9,9,M,1,2016,,1,0,1
5,https://najdoktor.com/milka-jeric/d18458,Milka Jerić,1,1,"Doktorica totalno nezainteresirana za pomoć, na pregledu se vi samostalno trebate odlučiti što vas najviše muči jer ona nema vremena pregledat “baš sve ona ima posla”.",0,2026,,0,0,0
5,https://najdoktor.com/milka-jeric/d18458,Milka Jerić,1,2,"Htjela sam pregled madeža jer sam svijetlije puti i obavim takav pregled jednom godišnje (a svi znamo koliko se čeka pregled u dermatologa, tako da je moja ovogodišnja šansa već prošla).",0,2026,,1,0,0
5,https://najdoktor.com/milka-jeric/d18458,Milka Jerić,1,3,Ali pošto sam došla i zbog izrasline na prstu i promjene oko usana nisam dobila pregled madeža.,0,2026,,1,0,0
5,https://najdoktor.com/milka-jeric/d18458,Milka Jerić,1,4,Uz pregled madeža došla sam i zbog ta dva gore navedena problema za koje sam bila prije 10 dana privatno u poliklinici i tamo mi nije rečeno ništa konkretno pa sam htjela da mi doktorica bolje objasni međutim i ona nije znala ništa vezano za to ipak je najlakše ponoviti što mi je već rečeno.,0,2026,,1,0,0
5,https://najdoktor.com/milka-jeric/d18458,Milka Jerić,1,5,Smatram da je temeljit pristup i profesionalost minimum koji pacijent treba dobiti pogotovo kad se radi o kožnim koje mogu biti ozbiljne.,0,2026,,2,0,0
5,https://najdoktor.com/Ilva-Mari%C4%87/d16619,Ilva Marić,1,1,"Doktorica ljubazna, brižna, sve najbolje...preporučam je",2,2025,,2,2,2
5,https://najdoktor.com/Ilva-Mari%C4%87/d16619,Ilva Marić,1,2,Oduševljena sam njenim odnosom prema meni,2,2025,,2,2,2
5,https://najdoktor.com/Ilva-Mari%C4%87/d16619,Ilva Marić,2,1,"Ordinacija je lijepa, uredna i pozitivno zrači, kada ste tamo jednostavno se ugodno osjećate",2,2025,,1,2,2
5,https://najdoktor.com/Ilva-Mari%C4%87/d16619,Ilva Marić,2,2,Kroz ove godine stekla sam dojam da je doktorici zaista stalo do njenih pacijenata i svakim dolaskom se iznova uvjerim u to,1,2025,,1,2,1
5,https://najdoktor.com/Ilva-Mari%C4%87/d16619,Ilva Marić,2,3,"Temeljita, susretljiva, nikad ne pogriješi!",2,2025,,2,2,2
5,https://najdoktor.com/Ilva-Mari%C4%87/d16619,Ilva Marić,3,1,"Nježna, ljubazna, stručna, sjajna u postavljanju dijagnoze",2,2025,,2,2,2
5,https://najdoktor.com/Ilva-Mari%C4%87/d16619,Ilva Marić,3,2,"Nažalost nisam dugo bila upisana kod nje jer sam odselila, ali preporučujem ju svakome",2,2025,,2,2,2
5,https://najdoktor.com/Ilva-Mari%C4%87/d16619,Ilva Marić,4,1,Sve pohvale za doktoricu jako dobra sve objasni obavi jako dobro pregled da sam tražila ne bih našla bolju doktoricu,2,2024,,2,2,2
5,https://najdoktor.com/Ilva-Mari%C4%87/d16619,Ilva Marić,4,2,Kad idem na pregled nema straha jer imam povjerenja u doktoricu,1,2024,,1,2,1
5,https://najdoktor.com/Ilva-Mari%C4%87/d16619,Ilva Marić,5,1,"Toliko ljubazan i profesionalan odnos prema pacijentima, sve lijepo objašnjeno i pokazano!",2,2024,,2,2,2
5,https://najdoktor.com/Ilva-Mari%C4%87/d16619,Ilva Marić,5,2,Svaka pohvala gospodinu Mariću!,1,2024,,2,2,2
5,https://najdoktor.com/Ilva-Mari%C4%87/d16619,Ilva Marić,5,3,Svakako ću Vas svima preporučiti!,1,2024,,1,2,1
5,https://najdoktor.com/Ilva-Mari%C4%87/d16619,Ilva Marić,6,1,Doktorica je izvrsna liječnica,2,2024,,2,2,2
5,https://najdoktor.com/Ilva-Mari%C4%87/d16619,Ilva Marić,6,2,Pristup joj je korektan i profesionalan,2,2024,,2,2,2
5,https://najdoktor.com/Ilva-Mari%C4%87/d16619,Ilva Marić,6,3,"Sestra uslužna i također, profesionalna",2,2024,,2,2,2
5,https://najdoktor.com/Ilva-Mari%C4%87/d16619,Ilva Marić,6,4,"Doživjeti danas da vam se toliko liječnik posveti zaista je rijetko, tako da sve pohvale za doktoricu Marić",2,2024,,2,2,2
5,https://najdoktor.com/Ilva-Mari%C4%87/d16619,Ilva Marić,7,1,"Divna doktorica, stručna i izuzetno ljubazna.Rijetko sam naišla na liječnika koji mi sve detaljno objasni i doživljava me kao osobu",2,2024,,2,2,2
5,https://najdoktor.com/Ilva-Mari%C4%87/d16619,Ilva Marić,8,1,"Susrela sam mnoge DR. ali doktorica Marić je prvo veliki čovjek, a zatim vrhunska stručnjakinja!",1,2023,,2,2,2
5,https://najdoktor.com/Ilva-Mari%C4%87/d16619,Ilva Marić,8,2,DR. Marić preporučam od srca svakoj ženi,2,2023,,1,2,2
5,https://najdoktor.com/Ilva-Mari%C4%87/d16619,Ilva Marić,8,3,Imala sam rizičnu trudnoću koju je vodila i poslije još neke ginekološke probleme koje je riješila,2,2023,,1,2,2
5,https://najdoktor.com/Ilva-Mari%C4%87/d16619,Ilva Marić,8,4,"Izuzetno je strpljiva, savjesna, susretljiva i otvorena za sva pitanja, vidi se da voli posao koji radi",2,2023,,2,2,2
5,https://najdoktor.com/Ilva-Mari%C4%87/d16619,Ilva Marić,9,1,"Preporuke svima za ovu divnu doktoricu,meni osobno najbolje iskustvo s liječnicima do sad,jednostavno najbolja je ?",2,2023,,2,2,2
5,https://najdoktor.com/Ilva-Mari%C4%87/d16619,Ilva Marić,10,1,"Doktorica je izrazito ugodna, ljubazna, pažljiva i stručna",2,2023,,2,2,2
5,https://najdoktor.com/Ilva-Mari%C4%87/d16619,Ilva Marić,10,2,Cijelu trudnoću sam vodila kod nje i prezadovoljna sam,2,2023,,2,2,2
5,https://najdoktor.com/Ilva-Mari%C4%87/d16619,Ilva Marić,10,3,Pohvale i za sestru koja je također uvijek ljubazna i nasmijana,2,2023,,2,2,2
5,https://najdoktor.com/Ilva-Mari%C4%87/d16619,Ilva Marić,10,4,"Pregled ugodan, sve objašnjeno, na sva pitanja dobila odgovor",2,2023,,2,2,2
5,https://najdoktor.com/Ilva-Mari%C4%87/d16619,Ilva Marić,10,5,Jako sam sretna što sam ju pronašla te bih svakako doktoricu preporučila svakoj ženi koja dobro želi brinuti o svom zdravlju,1,2023,,2,2,2
5,https://najdoktor.com/Ilva-Mari%C4%87/d16619,Ilva Marić,11,1,"Doktorica je super ljubazna, pregled je nevjerojatno ugodan, brine se da ti je udobno, sve je dobro predvidjela (skoro pogodila dan poroda, pogodila kakav će porod biti)",2,2022,,2,2,2
5,https://najdoktor.com/Ilva-Mari%C4%87/d16619,Ilva Marić,12,1,"Doktorica je toliko draga, profesionalna i empatična",2,2022,,2,2,2
5,https://najdoktor.com/Ilva-Mari%C4%87/d16619,Ilva Marić,12,2,Ja koja imam uvijek hrpu pitanja uvoiek izađem kompletno obavještena,1,2022,,1,2,1
5,https://najdoktor.com/Ilva-Mari%C4%87/d16619,Ilva Marić,12,3,Prvo čovjek a onda liječnica,1,2022,,1,2,1
5,https://najdoktor.com/Ilva-Mari%C4%87/d16619,Ilva Marić,12,4,I to zaista vrhunska!,1,2022,,2,2,2
5,https://najdoktor.com/Ilva-Mari%C4%87/d16619,Ilva Marić,13,1,"Mnogi ginekolozi i ginekologinje, koliko čujem iz iskustva prijateljica, bilo privatnici ili javni, tretiraju svoje pacijentice koje dolaze na prve ginekološke preglede i redovne kontrole vrlo žurno i mahinalno, ali moje iskustvo s DR. Ilvom Marić je bilo sasma drugačije i ugodno",2,2021,,1,2,2
5,https://najdoktor.com/Ilva-Mari%C4%87/d16619,Ilva Marić,13,2,"Unatoč tome što sam bila prvi put, nisam se osjećala stranom zbog profesionalne i ljubazne medicinske sestre i jednako tako ljubazne i pažljive ginekologinje",1,2021,,2,2,2
5,https://najdoktor.com/Ilva-Mari%C4%87/d16619,Ilva Marić,13,3,Preporučujem DR. Ilvu Marić za prve ginekološke preglede upravo zbog njene obzirnosti prema mladoj pacijentici,2,2021,,2,2,2
5,https://najdoktor.com/Ilva-Mari%C4%87/d16619,Ilva Marić,14,1,"Doktorica je iznimno temeljita, jasna, pristupačna i ljubazna",2,2021,,2,2,2
5,https://najdoktor.com/Ilva-Mari%C4%87/d16619,Ilva Marić,14,2,Pregledi kod nje su ugodni i bezbolni,2,2021,,1,2,2
5,https://najdoktor.com/Ilva-Mari%C4%87/d16619,Ilva Marić,14,3,Svakako ju preporučujem,2,2021,,2,2,2
5,https://najdoktor.com/Ilva-Mari%C4%87/d16619,Ilva Marić,15,1,"Divna doktorica,temeljita,pažljiva,osjećam se sigurno i imam potpuno povjerenje.Sestre Ines i Galina besprijekorne u obavljanju svog posla.Ordinacija je predivno uređena i opremljena i što je najbitnije jako uredna.Sve pohvale i preporuke <3",2,2021,,2,2,2
5,https://najdoktor.com/Ilva-Mari%C4%87/d16619,Ilva Marić,16,1,"Susretljiva i ljubazna doktorica, opušteno i bez nelagode dolazim u ambulantu, pregled bezbolan, daje odgovore na moja pitanja",2,2021,,2,2,2
5,https://najdoktor.com/Ilva-Mari%C4%87/d16619,Ilva Marić,16,2,Moja preporuka!,2,2021,,2,2,2
5,https://najdoktor.com/Ilva-Mari%C4%87/d16619,Ilva Marić,17,1,"Svojim pristupom mi je ulila povjerenje i zaista ju ne bih mijenjala, nadam se da neću morati",2,2021,,1,2,2
5,https://najdoktor.com/Ilva-Mari%C4%87/d16619,Ilva Marić,17,2,Prošle smo zajedno moje dvije trudnoće i dalje sam njena redovna pacijentica,1,2021,,1,2,1
5,https://najdoktor.com/Ilva-Mari%C4%87/d16619,Ilva Marić,17,3,Prekrasan osjećaj kad dođete i odete opušteno,1,2021,,1,2,1
5,https://najdoktor.com/Ilva-Mari%C4%87/d16619,Ilva Marić,18,1,Super doktorica,2,2019,,2,2,2
5,https://najdoktor.com/Ilva-Mari%C4%87/d16619,Ilva Marić,18,2,"Temeljita, jasna, strpljiva i jako ugodna",2,2019,,2,2,2
5,https://najdoktor.com/Ilva-Mari%C4%87/d16619,Ilva Marić,18,3,Definitivno cu iduci pregled opet obaviti kod nje,1,2019,,1,2,1
5,https://najdoktor.com/Ilva-Mari%C4%87/d16619,Ilva Marić,19,1,"Odlična doktorica,stručna,ljubazna i nadasve strpljiva!",2,2019,,2,2,2
5,https://najdoktor.com/Ilva-Mari%C4%87/d16619,Ilva Marić,20,1,"Jako ljubazna, pristupačna i brižna",2,2019,,2,2,2
5,https://najdoktor.com/Ilva-Mari%C4%87/d16619,Ilva Marić,20,2,"Sreća je da nemam nekih ginekoloških problema, ali činjenica je toliko angažirana oko mene i mojih pitanja o budućoj trudnoći, samo mi je povećava povjerenje kako ću, bez straha, imati dobru i stručnu doktoricu uz sebe!!",2,2019,,1,2,2
5,https://najdoktor.com/Ilva-Mari%C4%87/d16619,Ilva Marić,20,3,Veliki plus i za sestru,1,2019,,1,2,1
5,https://najdoktor.com/Ilva-Mari%C4%87/d16619,Ilva Marić,20,4,"Hvala vam, doktorice!",2,2019,,2,2,2
5,https://najdoktor.com/Ilva-Mari%C4%87/d16619,Ilva Marić,21,1,Sve pohvale!,2,2019,,2,2,2
5,https://najdoktor.com/Ilva-Mari%C4%87/d16619,Ilva Marić,21,2,Odlična doktorica!,2,2019,,2,2,2
5,https://najdoktor.com/Ilva-Mari%C4%87/d16619,Ilva Marić,21,3,"Profesionalna,simpatična,stručna,",2,2019,,2,2,2
5,https://najdoktor.com/Ilva-Mari%C4%87/d16619,Ilva Marić,21,4,"A i sestra je uvik prijateljski raspoložena,ljubazna i komunikativna, Čitam nezadovoljstvo nekih pacijentica pa bih samo rekla drage moje ima i svakakvih pacijentica!",2,2019,,2,1,2
5,https://najdoktor.com/Ilva-Mari%C4%87/d16619,Ilva Marić,21,5,Dodju neradpoložene ili misle da ih se treba posebno tretirati!,1,2019,,1,1,1
5,https://najdoktor.com/Ilva-Mari%C4%87/d16619,Ilva Marić,21,6,Drage gospodje prvo potadite na sebi pa onda sudite o ponašanju sestre ili doktorice!,1,2019,,1,1,1
5,https://najdoktor.com/Ilva-Mari%C4%87/d16619,Ilva Marić,21,7,Hvala DR.Marić i simpatičnoj sestri,2,2019,,2,2,2
5,https://najdoktor.com/Ilva-Mari%C4%87/d16619,Ilva Marić,22,1,"Citam da ste svi nezadovoljni DR. Marić i sestrom,al isto tako morate uzeti u obzir da su prekrcane pacijenticama...nema ih 10 nego poprilicno...meni je vodila trudnocu i ne da sam zadovoljna nego prezadovoljna...otisla je u privatnike al ja sam ostala kod nje....mislim da se po tome moze zakljuciti jel dobra il ne...a ako kome ne pase radije se prebacite kod nekog drugog nego da ostavljate ruzne komentare za obje",1,2018,,2,2,2
5,https://najdoktor.com/Ilva-Mari%C4%87/d16619,Ilva Marić,23,1,Prvi put sam bila kod dokt.na pregledu i jako sam zadovoljna,2,2018,,2,2,2
5,https://najdoktor.com/Ilva-Mari%C4%87/d16619,Ilva Marić,23,2,"Nježna,temeljita,ne brza kod pregleda,što mi je bilo bitno s obzirom na trudnoću.Objasnila je sve u detalje",2,2018,,2,2,2
5,https://najdoktor.com/Ilva-Mari%C4%87/d16619,Ilva Marić,24,1,Prvo bih počela sa sestrom koja je stvarno ljubazna prema meni bila,2,2018,,2,2,2
5,https://najdoktor.com/Ilva-Mari%C4%87/d16619,Ilva Marić,24,2,"Mlada sam, nisam majka, nisam trudna, jednostavno imam problema sa cistama na jajnicima tako da mi je prošla godina bila stalno kod doktorice Marić",1,2018,,1,2,1
5,https://najdoktor.com/Ilva-Mari%C4%87/d16619,Ilva Marić,24,3,"Imam samo pohvale, sestra ljubazno kaže da pričekate malo, što je inaće dosta dugo al Bože moj, doktorica je uvijek ljubazna, spremna pomoći, odgovori na pitanja, papa test i briseve nisam ni osjetila, tj kada me najviše boljelo nisam osjetila bol pri pregledu koliko se doktorica trudi",2,2018,,2,2,2
5,https://najdoktor.com/Ilva-Mari%C4%87/d16619,Ilva Marić,24,4,Samo pohvale!,2,2018,,1,2,2
5,https://najdoktor.com/Ilva-Mari%C4%87/d16619,Ilva Marić,25,1,"Ponekad stvari krenu loše, u tom trenutku izrazito vam je važno da uz sebe imate izvrsnog liječnika, profesionalca ali i čovjeka prije svega",1,2018,,0,2,1
5,https://najdoktor.com/Ilva-Mari%C4%87/d16619,Ilva Marić,25,2,"U najtežim trenutcima mog života-izrazito kompliciranoj i neizvjesnoj trudnoći, DR. Marić je pokazala izrazitu stručnost, ali i ljudskost",1,2018,,1,2,1
5,https://najdoktor.com/Ilva-Mari%C4%87/d16619,Ilva Marić,25,3,"Uvijek je našla vremena za strpljivo odgovaranje na sva pitanja, bila spremna pomoći, nadilazila sve okvire uobičajenog odnosa pacijent-liječnik",1,2018,,1,2,1
5,https://najdoktor.com/Ilva-Mari%C4%87/d16619,Ilva Marić,25,4,"U svakom trenutku sam znala da se na nju mogu osloniti, da smo i beba i ja u najboljim mogućim rukama i nikada se nisam osijećala kao da sam samo još 1 pacijent",1,2018,,2,1,1
5,https://najdoktor.com/Ilva-Mari%C4%87/d16619,Ilva Marić,25,5,"Stoga ako i morate malo pričekati zaista se isplati, boljeg liječnika nećete naći",1,2018,,1,1,1
5,https://najdoktor.com/Ilva-Mari%C4%87/d16619,Ilva Marić,26,1,Bravo za našu doktoricu!,2,2017,,1,1,1
5,https://najdoktor.com/Ilva-Mari%C4%87/d16619,Ilva Marić,26,2,"Puno mi je pomogla, izuzetno je cijenim",2,2017,,2,2,2
5,https://najdoktor.com/Ilva-Mari%C4%87/d16619,Ilva Marić,27,1,Doktorica i sestra daju sve od sebe u uvjetima u kojima rade,1,2017,,1,2,1
5,https://najdoktor.com/Ilva-Mari%C4%87/d16619,Ilva Marić,27,2,Imala sam velike probleme koje je doktorica strucno prepoznala i spasila me.Samo rijeci hvale za njih,2,2017,,2,2,2
5,https://najdoktor.com/Ilva-Mari%C4%87/d16619,Ilva Marić,28,1,"Doktorica je izvrsna, ljubazna i profesionalna",2,2017,,2,2,2
5,https://najdoktor.com/Ilva-Mari%C4%87/d16619,Ilva Marić,28,2,Brzo postavi dijagnozu i s lakoćom objasni sve nejasnoće,2,2017,,1,2,2
5,https://najdoktor.com/Ilva-Mari%C4%87/d16619,Ilva Marić,28,3,"Ali, njena sestra je grozna",0,2017,,0,0,0
5,https://najdoktor.com/Ilva-Mari%C4%87/d16619,Ilva Marić,28,4,"Ne javlja se na telefon cijeli dan, a dok čekam na pregled redovito zna izaći ispred vrata i ćakulati s pacijenticama koje poznaje",0,2017,,0,0,0
5,https://najdoktor.com/Ilva-Mari%C4%87/d16619,Ilva Marić,28,5,"Također, bezobrazno je od sestre da ne naručuje na pregled drugog u mjesecu ako je prvi bio neradan i još se ponaša kao da to nije njen problem",0,2017,,0,0,0
5,https://najdoktor.com/Ilva-Mari%C4%87/d16619,Ilva Marić,29,1,Izuzetno ljubazne I doktorica I sestra (posebno doktorica),1,2017,,1,2,1
5,https://najdoktor.com/Ilva-Mari%C4%87/d16619,Ilva Marić,29,2,"Izlaze u susret maksimalno te ukoliko je hitno ili bar mislite da je hitno, doktorica ce Vas primiti na pregled....Bila bi idealna mogucnost ugovaranja termina e-mailom",2,2017,,1,2,2
5,https://najdoktor.com/Ilva-Mari%C4%87/d16619,Ilva Marić,30,1,DR. Marić mi je vodila obje trudnoće i uvijek je bila jako ljubazna prema meni,2,2017,,2,2,2
5,https://najdoktor.com/Ilva-Mari%C4%87/d16619,Ilva Marić,30,2,"Što se tiče sestre, njezin rad je maksimalno kvalitetan s obzirom na uvjete i prevelik broj pacijenata",2,2017,,1,2,2
5,https://najdoktor.com/Ilva-Mari%C4%87/d16619,Ilva Marić,30,3,Od mene imaju samo riječi pohvale,2,2017,,1,2,2
5,https://najdoktor.com/Ilva-Mari%C4%87/d16619,Ilva Marić,31,1,Imam samo pozitivna iskustva,2,2017,,1,2,2
5,https://najdoktor.com/Ilva-Mari%C4%87/d16619,Ilva Marić,31,2,"Kako s doktoricom, tako i sa sestrom",1,2017,,1,2,1
5,https://najdoktor.com/Ilva-Mari%C4%87/d16619,Ilva Marić,31,3,"Moram priznati, malo me plase i cude svi ovi neg komentari",1,2017,,1,1,1
5,https://najdoktor.com/Ilva-Mari%C4%87/d16619,Ilva Marić,31,4,Svaki put minimalno cekam i sestra je ljubazna prema meni,1,2017,,2,1,1
5,https://najdoktor.com/Ilva-Mari%C4%87/d16619,Ilva Marić,32,1,"Kod doktorice sam upisana već četiri godine tijekom kojih stalno plaćam privatne preglede jer je do nje nemoguće doći, čak i tog famoznog ""prvog u mjesecu""",0,2017,,1,0,0
5,https://najdoktor.com/Ilva-Mari%C4%87/d16619,Ilva Marić,32,2,Ako osoba koja je završila medicinu i položila zakletvu dopušta da se njeno tako ponaša prema nečijem zdravlju - pametnome dosta,1,2017,,1,0,1
5,https://najdoktor.com/Ilva-Mari%C4%87/d16619,Ilva Marić,33,1,Molim medicinsku sestru koja radi u ordinaciji dr Marić da počne odgovorno i savjesno obavljati svoj posao,1,2017,,1,0,1
5,https://najdoktor.com/Ilva-Mari%C4%87/d16619,Ilva Marić,33,2,Tjedan dana svakodnevno zovem po 20 puta bezuspješno,1,2017,,1,0,1
5,https://najdoktor.com/Ilva-Mari%C4%87/d16619,Ilva Marić,33,3,Uvijek daje znak da je zauzeto što bi značilo da je slušalica podignuta,0,2017,,1,0,0
5,https://najdoktor.com/Ilva-Mari%C4%87/d16619,Ilva Marić,33,4,Ukoliko ne daje znak zauzeto - nitko se ne javlja,0,2017,,0,0,0
5,https://najdoktor.com/Ilva-Mari%C4%87/d16619,Ilva Marić,34,1,"Trudnocu vodim privatno, i za sve potrebno mi zapravo treba samo sestra ciji je odnos sa pacijentima grozan!",0,2017,,1,0,0
5,https://najdoktor.com/Ilva-Mari%C4%87/d16619,Ilva Marić,34,2,"Javljanje na telefon kod njih nepostoji, svaki put kad ju trebam danima bezuspjesno zovem i kad nakraju odustanem od zvanja i odem u ordinaciju, pa me docekaju bezobrazni komentari i velika doza bahatosti od strane sestre",0,2017,,0,0,0
5,https://najdoktor.com/Ilva-Mari%C4%87/d16619,Ilva Marić,34,3,Razumijem da imaju i previse posla ali takav odnos i to nejavljanje na telefon samo dodatno otezavaju posao i njima i pacijentima,1,2017,,1,1,1
5,https://najdoktor.com/Ilva-Mari%C4%87/d16619,Ilva Marić,35,1,"Kod doktorice Maric cekaju svi,cekaju i trudnice cijelo jutro!na telefon se na javljaju ni prvog u mjesecu, zvala sam ih 30tak puta.Opravdanje nije stanje u nasem zdravstvu, jer se osobno nigdje nisam susrela s ovako neorganiziranom ordinacijom, ni kod doktora opce prakse koji ima puno vise pacijenata, cak ni u bolnici",0,2016,,1,0,0
5,https://najdoktor.com/Ilva-Mari%C4%87/d16619,Ilva Marić,35,2,Sestra u podne prolazi kroz cekaonicu s izjavom da mora i ona popiti kavu,1,2016,,1,0,1
5,https://najdoktor.com/Ilva-Mari%C4%87/d16619,Ilva Marić,35,3,"Kad se zainatite pa nekako uspijete doci kod doktorice ona je divna, al sto mi to znaci?",2,2016,,1,0,1
5,https://najdoktor.com/Ilva-Mari%C4%87/d16619,Ilva Marić,35,4,"To nije najdoktor, a naljepili su to na vrata!",1,2016,,1,0,1
5,https://najdoktor.com/Ilva-Mari%C4%87/d16619,Ilva Marić,35,5,"Privatno vodim trudnocu, trebala bi mirovati, treba mi samo uputnica, a do nje cu mukotrpno doci",0,2016,,1,0,0
5,https://najdoktor.com/Ilva-Mari%C4%87/d16619,Ilva Marić,35,6,To nije i ne moze biti ok,0,2016,,1,2,1
5,https://najdoktor.com/Ilva-Mari%C4%87/d16619,Ilva Marić,36,1,"Doktorica je u komunikaciji vrlo ljubazna, spremna saslušati i objasniti, a u poslu stručna, Puno mi je pomogla točnim dijagnozama i terapijom zahvaljujući kojoj danas imam dijete",2,2016,,2,2,2
5,https://najdoktor.com/Ilva-Mari%C4%87/d16619,Ilva Marić,36,2,"Problem je dobiti ordinaciju na telefon i naručiti se ako nisi trudan kao i doći na red ako je hitno, a niste ranije naručeni",0,2016,,1,2,1
5,https://najdoktor.com/Ilva-Mari%C4%87/d16619,Ilva Marić,36,3,"Mislim da problem nije u sestri koja je vrlo draga, već u prevelikom broju pacijenata",0,2016,,1,2,1
5,https://najdoktor.com/Ilva-Mari%C4%87/d16619,Ilva Marić,36,4,Sestra je katkad nervozna zbog gužve pa se ne može baš svakom smiješiti što je razumljivo jer nije hostesa već zaposlenica hrvatskog zdravstvenog sustava,0,2016,,1,2,1
5,https://najdoktor.com/Ilva-Mari%C4%87/d16619,Ilva Marić,37,1,"Doktorica Marić je predivna, pristupačna i ljubazna, a što se tiče medicinske sestre žena je isto tako vrlo draga osoba, samo je na nju pritisak jako velik i nije mi jasno zašto se ne zaposli još jedna medicinska sestra na toliko velik broj pacijenata",2,2016,,2,1,2
5,https://najdoktor.com/Ilva-Mari%C4%87/d16619,Ilva Marić,37,2,"Ne poznajem je osobno i nemam nikakve ""veze"" ali sestra me uvijek lijepo primila te cijelu trudnoću su mi besprijekorno vodili doktorica i svi doktori što su na zamjeni",2,2016,,1,0,1
5,https://najdoktor.com/Ilva-Mari%C4%87/d16619,Ilva Marić,38,1,Imam isti problem,0,2016,,1,0,0
5,https://najdoktor.com/Ilva-Mari%C4%87/d16619,Ilva Marić,38,2,Ovo je strasno i nedopustivo,0,2016,,0,1,0
5,https://najdoktor.com/Ilva-Mari%C4%87/d16619,Ilva Marić,38,3,Sigurna sam da nijedna od nas nema vremena cijeli dan biti na telefonu,1,2016,,0,1,1
5,https://najdoktor.com/Ilva-Mari%C4%87/d16619,Ilva Marić,38,4,Jucer sam zvala 47 puta,1,2016,,1,0,1
5,https://najdoktor.com/Ilva-Mari%C4%87/d16619,Ilva Marić,38,5,"Odlucila sam je dobiti, ali medicinska sestra je ipak upornija u ignoriranju nego ja u zvanju",1,2016,,1,0,1
5,https://najdoktor.com/Ilva-Mari%C4%87/d16619,Ilva Marić,39,1,U potpunosti se slazem sto se tice doktorice i medicinske sestre,1,2016,,1,1,1
5,https://najdoktor.com/Ilva-Mari%C4%87/d16619,Ilva Marić,39,2,"Doktorica divna, medicinska sestra hladna i nezainteresirana",1,2016,,0,0,0
5,https://najdoktor.com/Ilva-Mari%C4%87/d16619,Ilva Marić,40,1,"Doktorica Marić je divna, ali je ne bih preporučila samo zbog medicinske sestre koja se ponaša kao da je u najmanju ruku Predsjednica Republike",2,2016,,2,0,2
5,https://najdoktor.com/Ilva-Mari%C4%87/d16619,Ilva Marić,40,2,Kada sam se tek upisala nisam znala da samo prvi dan u mjesecu mogu zvati da se narucim,1,2016,,1,1,1
5,https://najdoktor.com/Ilva-Mari%C4%87/d16619,Ilva Marić,40,3,"Kada sam to saznala, doslovno sam cijeli dan bila na telefonu, ali se medicinska sestra nije javljala",1,2016,,1,0,1
5,https://najdoktor.com/Ilva-Mari%C4%87/d16619,Ilva Marić,40,4,"Onda sam otišla s posla i čekala s drugim gospođama, pristojno sam prvo puštala trudnice",0,2016,,1,1,1
5,https://najdoktor.com/Ilva-Mari%C4%87/d16619,Ilva Marić,40,5,"Čekala sam gotovo 3 sata, onda sam pokucala i zamolila može li me upisati za pregled",0,2016,,1,1,1
5,https://najdoktor.com/Ilva-Mari%C4%87/d16619,Ilva Marić,40,6,"Ona je rekla hladno: ""Ne moze, nazovite na telefon"", a ja na to: ""Ali Vi se uopce ne javljate na telefon"", ona ništa",0,2016,,0,1,0
5,https://najdoktor.com/Ilva-Mari%C4%87/d16619,Ilva Marić,40,7,jedva sam je nagovorila da me upiše i ipak me upisala u prazan kalendar za sljedeci mjesec,1,2016,,1,0,1
5,https://najdoktor.com/Ilva-Mari%C4%87/d16619,Ilva Marić,40,8,Gospođi je to bio ogroman napor,1,2016,,1,1,1
5,https://najdoktor.com/Ilva-Mari%C4%87/d16619,Ilva Marić,40,9,"Ovaj mjesec, 1.3.2016",1,2016,,1,0,1
5,https://najdoktor.com/Ilva-Mari%C4%87/d16619,Ilva Marić,40,10,"sam ponovno zvala, 6 puta: telefon je bio ili zauzet ili se nije javljala",1,2016,,1,1,1
5,https://najdoktor.com/Ilva-Mari%C4%87/d16619,Ilva Marić,40,11,Dan poslije 2.3.2016,1,2016,,1,0,1
5,https://najdoktor.com/Ilva-Mari%C4%87/d16619,Ilva Marić,40,12,sam zvala 47 puta: telefon zauzet ili se ne javlja,0,2016,,0,1,0
5,https://najdoktor.com/Ilva-Mari%C4%87/d16619,Ilva Marić,40,13,"Jutros, 3.3.2016",1,2016,,1,0,1
5,https://najdoktor.com/Ilva-Mari%C4%87/d16619,Ilva Marić,40,14,"sam zvala 3 puta, ista stvar",1,2016,,1,0,1
5,https://najdoktor.com/Ilva-Mari%C4%87/d16619,Ilva Marić,40,15,"Gospođo medicinska sestro, mislim da se ponasate jako nekorektno",1,2016,,1,0,1
5,https://najdoktor.com/Ilva-Mari%C4%87/d16619,Ilva Marić,40,16,"telefoni postoje s razlogom, a vecina zena koje dolaze kod divne doktorice, ali nimalo divne i jako neljubazne medicinske sestre, vecinom rade",1,2016,,1,1,1
5,https://najdoktor.com/Ilva-Mari%C4%87/d16619,Ilva Marić,40,17,Ovaj nas zdrastveni sustav se sveo na to da moras biti dobar s jednom obicnom medicinskom sestrom da bi dosao na red,1,2016,,1,0,1
5,https://najdoktor.com/Ilva-Mari%C4%87/d16619,Ilva Marić,40,18,"Oprostite ako sam Vas s riječju ""običnom"" uvrijedila, ali i Vi mene vrijeđate svakim ignoriranjem mojeg poziva i mojeg dragocjenog vremena koje trosim da bih dobila termin kod doktorice (ponavljam, jucer sam zvala 47 puta!!!)",1,2016,,0,0,0
5,https://najdoktor.com/Ilva-Mari%C4%87/d16619,Ilva Marić,40,19,Apeliram na Vas doktorice Maric da nekako rijesite ovaj problem jer je ovaj nacin neodrziv i neizdrzljiv,0,2016,,1,0,0
5,https://najdoktor.com/Ilva-Mari%C4%87/d16619,Ilva Marić,40,20,Sigurna sam da postoje sposobnije medicinke sestre koje su u stanju dignuti slusalicu i zapisati pacijenticu za termin,1,2016,,1,0,1
5,https://najdoktor.com/Ilva-Mari%C4%87/d16619,Ilva Marić,40,21,Hvala Vam,2,2016,,2,2,2
5,https://najdoktor.com/Ilva-Mari%C4%87/d16619,Ilva Marić,41,1,"Doktorica i sestra odlične, ali pretrpane pacijentima i teško je doći na red, što izaziva nezadovoljstvo pojedinih žena",0,2016,,1,1,1
5,https://najdoktor.com/Ilva-Mari%C4%87/d16619,Ilva Marić,42,1,"Poštovani, zanima me kako je moguće naručiti se izvan tog prvog u mjesecu kada se naručuje za redovni pregled",1,2016,,1,1,1
5,https://najdoktor.com/Ilva-Mari%C4%87/d16619,Ilva Marić,42,2,"Konkretno, zanima me kako doći do sestre ukoliko se trebate naručiti za pregled da bi se potvrdila trudnoća",1,2016,,1,0,1
5,https://najdoktor.com/Ilva-Mari%C4%87/d16619,Ilva Marić,42,3,"Sestra je jako neugodna, ne javlja se na telefon ako nije prvi u mjesecu, a ukoliko dođete i čekate red da bi se naručili za takav pregled, onda se susretnete s tim da vas sestra izbaci vani iz ureda i usput se izdere da ne može više",0,2016,,0,1,0
5,https://najdoktor.com/Ilva-Mari%C4%87/d16619,Ilva Marić,42,4,"Znači, upisan si kod ginekologa da ne moraš plaćati privatne preglede, ali sve to gubi smisao ako imaš lošu sestru kao što je od DR. Ilve Marić",1,2016,,1,0,1
5,https://najdoktor.com/Ilva-Mari%C4%87/d16619,Ilva Marić,43,1,Izrazito neugodno iskustvo svaki put s medicinskom sestrom koja radi u ambulanti,0,2015,,1,0,0
5,https://najdoktor.com/Ilva-Mari%C4%87/d16619,Ilva Marić,44,1,Odlična doktorica za vođenje trudnoće visoka razina profesionalnosti i puna oprema ordinacije!,2,2015,,2,1,2
5,https://najdoktor.com/Ilva-Mari%C4%87/d16619,Ilva Marić,44,2,"Zatrpani su poslom i trudnice imaju potpunu prednost tako da za one koji nisu trudni teze ce dobiti termin pregleda (koji se moze zatraziti prvi radni dan u mjesecu) ali budite uporni i doci cete na red, upravo zbog zivcanih i nestrpljivih ljudi sestra je neki put frustrirana i pusti telefon da zvoni dok obavlja ctg trudnicama ili dok rjesava papirologiju tako da je moj savjet samo strpljivo!",0,2015,,1,0,0
5,https://najdoktor.com/Ilva-Mari%C4%87/d16619,Ilva Marić,44,3,Mislim da puno bolje funkcioniraju odkad su u zasebnoj ordinaciji i sada su dostupni telefonom 627 230,1,2015,,1,1,1
5,https://najdoktor.com/Ilva-Mari%C4%87/d16619,Ilva Marić,45,1,Izvrsna doktorica ali i njezina medicinska sestra,2,2015,,2,1,2
5,https://najdoktor.com/Ilva-Mari%C4%87/d16619,Ilva Marić,45,2,Samo bi bilo super da uvedu naručivanje putem maila ili faxa i onda samo da naknadno jave datum pregleda na ostavljeni kontakt broj osobe koja traži pregled,2,2015,,1,1,1
5,https://najdoktor.com/Ilva-Mari%C4%87/d16619,Ilva Marić,46,1,Ima i drugih ordinacija koje obavljaju isti posao pa čovjek ne mora potrošiti pola dana na pozivanje uvijek istog broja,1,2015,,1,0,1
5,https://najdoktor.com/Ilva-Mari%C4%87/d16619,Ilva Marić,47,1,Zovem već mjesec dana u komadu,1,2015,,1,1,1
5,https://najdoktor.com/Ilva-Mari%C4%87/d16619,Ilva Marić,47,2,nitko se nejavlja,0,2015,,1,0,0
5,https://najdoktor.com/Ilva-Mari%C4%87/d16619,Ilva Marić,48,1,To je tocan broj,1,2015,,1,1,1
5,https://najdoktor.com/Ilva-Mari%C4%87/d16619,Ilva Marić,48,2,"Danas sam ju napokon dobila, nakon jedno dva tjedna pokusavanja",1,2015,,1,0,1
5,https://najdoktor.com/Ilva-Mari%C4%87/d16619,Ilva Marić,48,3,Ista stvar-ili je bilo zauzeto ili se nitko ne javlja,0,2015,,0,1,0
5,https://najdoktor.com/Ilva-Mari%C4%87/d16619,Ilva Marić,49,1,Poštovani!!,1,2015,,1,1,1
5,https://najdoktor.com/Ilva-Mari%C4%87/d16619,Ilva Marić,49,2,"nemoguče je ikoga dobit na taj br cijeli tj zovem do kraja odzvoni,a nakon toga je zauzeto!",0,2015,,1,1,1
5,https://najdoktor.com/Ilva-Mari%C4%87/d16619,Ilva Marić,49,3,kad zvati i dali ima koi dr broj da se dode do doktorice Marić srdačan pozz svima,1,2015,,1,1,1
5,https://najdoktor.com/Ilva-Mari%C4%87/d16619,Ilva Marić,50,1,"Gužve su ogromne i čeka se jako dugo na termin, ali to nije greška DR. Marić, jednostavno nam fali ginekologa",1,2014,,1,1,1
5,https://najdoktor.com/Ilva-Mari%C4%87/d16619,Ilva Marić,50,2,"Malo detaljniji pregledi ne bi škodili, sve je to nekako brzinski, ali što je je, i sa takvim pristupom mi je dala odličnu terapiju koja me preporodila, tako da žena valjda zna što radi",1,2014,,1,1,1
5,https://najdoktor.com/Ilva-Mari%C4%87/d16619,Ilva Marić,50,3,"Meni je čisto ok, izvlači maksimum iz radnih uvjeta kako bi pomogla pacijenticama",2,2014,,2,1,2
5,https://najdoktor.com/Ilva-Mari%C4%87/d16619,Ilva Marić,50,4,Vjerujem da radi u boljim uvjetima da bi bila jedna od najboljih ginekologinja,1,2014,,2,1,1
5,https://najdoktor.com/Ilva-Mari%C4%87/d16619,Ilva Marić,51,1,"Eto, gore sam navela njihov (samo njihov) novi broj telefona, ali isto ih je jaaaako tesko dobiti!",0,2014,,1,1,1
5,https://najdoktor.com/Ilva-Mari%C4%87/d16619,Ilva Marić,51,2,"Do sada sam, ipak, dozivila da se upornost isplati!",1,2014,,1,1,1
5,https://najdoktor.com/Ilva-Mari%C4%87/d16619,Ilva Marić,51,3,:) Ali triba imati zivce i strpljenje i zvati,1,2014,,1,1,1
5,https://najdoktor.com/Ilva-Mari%C4%87/d16619,Ilva Marić,51,4,Sigurna sam da je ipak najveci problem sto ih se ne moze odmah dobiti u tome sto radi jedna sestra koja nema 100 ruku i usiju pa da se moze javiti na svaki poziv sad i odmah,0,2014,,1,1,1
5,https://najdoktor.com/Ilva-Mari%C4%87/d16619,Ilva Marić,51,5,A i nije joj to jedini posa koji obavlja pa se ne triba cuditi,1,2014,,1,1,1
5,https://najdoktor.com/Ilva-Mari%C4%87/d16619,Ilva Marić,51,6,"""Jadna"" ona, zapravo",1,2014,,1,1,1
5,https://najdoktor.com/Ilva-Mari%C4%87/d16619,Ilva Marić,51,7,"Savjet- budite uporni i sacuvajte svoje zivce, ako ikako mozete!",1,2014,,1,1,1
5,https://najdoktor.com/Ilva-Mari%C4%87/d16619,Ilva Marić,51,8,;),1,2014,,1,1,1
5,https://najdoktor.com/Ilva-Mari%C4%87/d16619,Ilva Marić,52,1,"023 627-230 To je novi broj telefona od kada su se preselili u svoju ordinaciju, mislim kat iznad DR. Krpine",1,2014,,1,1,1
5,https://najdoktor.com/Ilva-Mari%C4%87/d16619,Ilva Marić,53,1,ima li netko broj tel,1,2014,,1,1,1
5,https://najdoktor.com/Ilva-Mari%C4%87/d16619,Ilva Marić,53,2,od dr Ilve Marić?,1,2014,,1,1,1
5,https://najdoktor.com/Ilva-Mari%C4%87/d16619,Ilva Marić,53,3,hvala!,2,2014,,2,2,2
5,https://najdoktor.com/Ilva-Mari%C4%87/d16619,Ilva Marić,54,1,"jA VODIM TRUDNOĆU KOD DR. MARIĆ, JAKO SAM ZADOVOLJNA",2,2013,,2,2,2
5,https://najdoktor.com/Ilva-Mari%C4%87/d16619,Ilva Marić,55,1,"DR. Marić radi u ambulanti DR. Krpine, ona u jednoj, a on u drugoj smjeni",1,2013,,1,1,1
5,https://najdoktor.com/Ilva-Mari%C4%87/d16619,Ilva Marić,55,2,To sliči na ništa!,1,2013,,1,0,1
5,https://najdoktor.com/Ilva-Mari%C4%87/d16619,Ilva Marić,55,3,"Možete zamisliti kako telefon zvoni po cijeli dan, jedan broj za dva doktora!",1,2013,,1,1,1
5,https://najdoktor.com/Ilva-Mari%C4%87/d16619,Ilva Marić,55,4,Mogli su bar imati svak svoj broj telefona,1,2013,,1,1,1
5,https://najdoktor.com/Ilva-Mari%C4%87/d16619,Ilva Marić,55,5,"Neznam čiji je to propust, najvjerojatnije poslodavca za kojeg rade",1,2013,,1,1,1
5,https://najdoktor.com/Ilva-Mari%C4%87/d16619,Ilva Marić,56,1,DR. Marić ne može se dobiti na telefon,0,2013,,1,0,0
5,https://najdoktor.com/Ilva-Mari%C4%87/d16619,Ilva Marić,56,2,Čiji je to propust (da li sestre ili doktorice) ne znam,1,2013,,1,1,1
5,https://najdoktor.com/Ilva-Mari%C4%87/d16619,Ilva Marić,56,3,"Znači, jedini način za dobiti termin za pregled ili lijek je doći u ordinaciju, radi čega nastaje velika gužva i naručeni pacijenti dugo čekaju",0,2013,,1,1,1
5,https://najdoktor.com/Ilva-Mari%C4%87/d16619,Ilva Marić,56,4,Možda ne bi bilo loše da razmisle i o mailu na koji bi se pacijentice mogle javiti za naručiti se ili ako se nakon pregleda nešto zaboravilo (što se često zna dogoditi upravo radi velike gužve) Učitali ste sve komentare,1,2013,,0,1,1
5,https://najdoktor.com/nino-balenovic/d10883 ,Nino Balenović,1,1,"Cijeli život muku mučim sa svojim zubima, uvjeren da mi genetika donosi gebis,ali zahvaljujuč dr. Balenoviću rješio sam strah od zubara i napokon volim svoje zube,hvala dr. Nino!",1,2026,,2,1,1
5,https://najdoktor.com/nino-balenovic/d10883 ,Nino Balenović,2,1,"Sve pohvale za tim dr. Balenovića, posebno za dr. Marija Sabljić, na profesionalnosti, stručnosti i senzibilnosti",2,2025,,2,2,2
5,https://najdoktor.com/nino-balenovic/d10883 ,Nino Balenović,2,2,"Jako sam zadovoljna njihovim radom i modernim pristupom, te njihovom dostupnosti",2,2025,,2,2,2
5,https://najdoktor.com/nino-balenovic/d10883 ,Nino Balenović,2,3,Preporučam,2,2025,,1,2,2
5,https://najdoktor.com/nino-balenovic/d10883 ,Nino Balenović,3,1,Dr,1,2025,,1,2,1
5,https://najdoktor.com/nino-balenovic/d10883 ,Nino Balenović,3,2,Balenović je poseban liječnik jer je izuzetno senzibiliziran i orijentiran na liječenje i izlječenje zuba ako je moguće,2,2025,,1,2,2
5,https://najdoktor.com/nino-balenovic/d10883 ,Nino Balenović,3,3,Od srca mu želim unutarnje snage ida zadrži žar prema svojem poslu i pacijentima te za svakodnevno suočavanje sa izazovima,1,2025,,1,2,1
5,https://najdoktor.com/nino-balenovic/d10883 ,Nino Balenović,4,1,"Doktor Balenović je vrhunski stručnjak i vrlo draga osoba, kao i cijeli tim",2,2024,,2,2,2
5,https://najdoktor.com/nino-balenovic/d10883 ,Nino Balenović,4,2,Moje srdačne preporuke!,1,2024,,1,2,1
5,https://najdoktor.com/nino-balenovic/d10883 ,Nino Balenović,5,1,Doktor Balenović i njegov tim su iznimno ljubazni i fleksibilni s dogovaranjem termina koji bi mi najviše odgovarao i izlazili mi u susret,2,2024,,1,2,2
5,https://najdoktor.com/nino-balenovic/d10883 ,Nino Balenović,5,2,"Najbolji doktor na ovom području, veoma ljubazan, pristupačan, kvalitetan, i stručan glede svog dijela rada!",2,2024,,2,2,2
5,https://najdoktor.com/nino-balenovic/d10883 ,Nino Balenović,5,3,Moja topla preporuka!,2,2024,,2,2,2
5,https://najdoktor.com/nino-balenovic/d10883 ,Nino Balenović,6,1,I am so glad to be a patient of Dr,1,2024,,1,2,1
5,https://najdoktor.com/nino-balenovic/d10883 ,Nino Balenović,6,2,Balenović,1,2024,,1,2,1
5,https://najdoktor.com/nino-balenovic/d10883 ,Nino Balenović,6,3,I always leave the practice extremely satisfied,1,2024,,1,2,1
5,https://najdoktor.com/nino-balenovic/d10883 ,Nino Balenović,6,4,I especially love his modern way of working since he uses scanner which makes the treatment so much more comfortable,1,2024,,1,2,1
5,https://najdoktor.com/nino-balenovic/d10883 ,Nino Balenović,7,1,"Izvrstan stomatolog, jako profesionalan i pristupačan",2,2024,,2,2,2
5,https://najdoktor.com/nino-balenovic/d10883 ,Nino Balenović,7,2,Ordinacija Balenovic ima sve preporuke od mene !!,1,2024,,1,2,1
5,https://najdoktor.com/nino-balenovic/d10883 ,Nino Balenović,8,1,"Veliki stručnjak i odlična osoba, vrlo ugodna suradnja",2,2024,,2,2,2
5,https://najdoktor.com/nino-balenovic/d10883 ,Nino Balenović,8,2,Zadovoljan sam rezultatom jer sam inače jako težak pacijent,2,2024,,2,2,2
5,https://najdoktor.com/nino-balenovic/d10883 ,Nino Balenović,9,1,U ordinaciju dr.Balenovića uvijek ulazim s punim povjerenjem da će na kraju sve biti dobro,2,2023,,1,2,2
5,https://najdoktor.com/nino-balenovic/d10883 ,Nino Balenović,9,2,I tako uvijek i bude :),1,2023,,1,2,1
5,https://najdoktor.com/nino-balenovic/d10883 ,Nino Balenović,10,1,"Iskusan doktor s puno znanja i vještine, za preporuku svakome tko baš i ne preferira odlazak kod zubara, ovdje ćete naći rješenje svojih problema",1,2023,,1,2,1
5,https://najdoktor.com/nino-balenovic/d10883 ,Nino Balenović,11,1,"Dolazeći na pregled bila sam vrlo nervozna, no nasmijano i ugodno osoblje pomoglo mi je da se osjećam vrlo ugodno te sam odradila sve potrebne zahvate bez stresa i straha",1,2023,,1,2,1
5,https://najdoktor.com/nino-balenovic/d10883 ,Nino Balenović,11,2,Ordinacija je bila vrlo čista te lijepo uređena a atmosfera je ugodna i opuštajuća,2,2023,,2,2,2
5,https://najdoktor.com/nino-balenovic/d10883 ,Nino Balenović,11,3,Uz sve to nisam trebala uopće čekati već je pregled obavljen u dogovorenom terminu,1,2023,,1,2,1
5,https://najdoktor.com/nino-balenovic/d10883 ,Nino Balenović,11,4,Sve u svemu jedno jako dobro iskustvo i za svaku preporuku!,1,2023,,1,2,1
5,https://najdoktor.com/nino-balenovic/d10883 ,Nino Balenović,12,1,Svaka pohvala doktoru i njegovom osoblju,1,2023,,2,2,2
5,https://najdoktor.com/nino-balenovic/d10883 ,Nino Balenović,12,2,Već dugi niz godina dolazim redovno i svaki put izlazim zadovoljan,2,2023,,2,2,2
5,https://najdoktor.com/nino-balenovic/d10883 ,Nino Balenović,12,3,"Vrlo stručan i pedantan u svome radu, uz individualan pristup svakom zasebnom pacijentu",2,2023,,2,2,2
5,https://najdoktor.com/nino-balenovic/d10883 ,Nino Balenović,12,4,Uvijek spreman i za pokoju šalu,1,2023,,1,2,1
5,https://najdoktor.com/nino-balenovic/d10883 ,Nino Balenović,12,5,Jednostavno predivno iskustvo kada ste u oravim rukama,1,2023,,1,2,1
5,https://najdoktor.com/nino-balenovic/d10883 ,Nino Balenović,13,1,Stomatološka ordinacija Balenović zaslužuje najviše pohvale za izvanrednu brigu o pacijentima i visok profesionalizam,2,2023,,1,2,2
5,https://najdoktor.com/nino-balenovic/d10883 ,Nino Balenović,13,2,Nedavno sam posjetio ovu ordinaciju i ostao sam oduševljen svim aspektima njihove usluge,2,2023,,2,2,2
5,https://najdoktor.com/nino-balenovic/d10883 ,Nino Balenović,13,3,"Na početku, dočekao me je ljubazan i stručan tim na recepciji",2,2023,,2,2,2
5,https://najdoktor.com/nino-balenovic/d10883 ,Nino Balenović,13,4,Brzo su me uputili o svim uslugama i procedurama,1,2023,,1,2,1
5,https://najdoktor.com/nino-balenovic/d10883 ,Nino Balenović,13,5,"Vrijeme čekanja je bilo minimalno, što je uvijek plus",2,2023,,1,2,2
5,https://najdoktor.com/nino-balenovic/d10883 ,Nino Balenović,13,6,Doktor Balenović koji me je pregledao bio je izuzetno kompetentan,2,2023,,1,2,2
5,https://najdoktor.com/nino-balenovic/d10883 ,Nino Balenović,13,7,Detaljno mi je objasnio trenutno stanje mojeg zubnog zdravlja i predložio najbolji tretman,2,2023,,2,2,2
5,https://najdoktor.com/nino-balenovic/d10883 ,Nino Balenović,13,8,"Tijekom same procedure, doktor je bio pažljiv i obazriv, pazeći na moju udobnost",2,2023,,2,2,2
5,https://najdoktor.com/nino-balenovic/d10883 ,Nino Balenović,13,9,"Bol je bila minimalna, što govori o njihovoj stručnosti",1,2023,,1,2,1
5,https://najdoktor.com/nino-balenovic/d10883 ,Nino Balenović,13,10,Posebno sam zadovoljan brigom koju su pružili nakon tretmana,2,2023,,2,2,2
5,https://najdoktor.com/nino-balenovic/d10883 ,Nino Balenović,13,11,Dobio sam sve potrebne smjernice za posttretmansku njegu i redovno su me kontaktirali kako bi se uvjerili da se oporavljam bez problema,1,2023,,1,2,1
5,https://najdoktor.com/nino-balenovic/d10883 ,Nino Balenović,13,12,"Cijene usluga su bile razumne i transparentne, bez skrivenih troškova",1,2023,,1,2,1
5,https://najdoktor.com/nino-balenovic/d10883 ,Nino Balenović,13,13,"Ukratko, Ordinacija Balenović je odlična stomatološka ordinacija koju preporučujem",2,2023,,2,2,2
5,https://najdoktor.com/nino-balenovic/d10883 ,Nino Balenović,13,14,"Njihova profesionalnost, pažnja prema pacijentima i visoka kvaliteta usluge čine ih vodećim u dentalnoj industriji",1,2023,,1,2,1
5,https://najdoktor.com/nino-balenovic/d10883 ,Nino Balenović,13,15,Osjećam se sretno što sam ih pronašao i sigurno ću se ponovno obratiti njihovim uslugama u budućnosti,1,2023,,1,2,1
5,https://najdoktor.com/nino-balenovic/d10883 ,Nino Balenović,13,16,Hvala na predivnom iskustvu!,2,2023,,2,2,2
5,https://najdoktor.com/nino-balenovic/d10883 ,Nino Balenović,14,1,O doktoru samo riječi hvale,1,2023,,1,2,1
5,https://najdoktor.com/nino-balenovic/d10883 ,Nino Balenović,14,2,Kod doktora sam vadila umnjake i proces je bio poprilično bezbolan,2,2023,,2,2,2
5,https://najdoktor.com/nino-balenovic/d10883 ,Nino Balenović,14,3,"Tokom cijele procedure je provjeravao kako sam, osjetim li da me nešto boli itd. Objasnio nakon vađenja cijeli proces brige te ako osjetim ikakvu bol da se odmah javim (javila sam se i dobila sam termin isti dan)",0,2023,,1,2,1
5,https://najdoktor.com/nino-balenovic/d10883 ,Nino Balenović,15,1,Top usluga!!,1,2023,,1,2,1
5,https://najdoktor.com/nino-balenovic/d10883 ,Nino Balenović,15,2,Jako simpatičan i stručan doktor te vrlo drago osoblje,2,2023,,2,2,2
5,https://najdoktor.com/nino-balenovic/d10883 ,Nino Balenović,15,3,Nisam uopće trebao čekati već su me odmah primili a pregled je bio odrađen bezbolno i profesionalno,2,2023,,2,2,2
5,https://najdoktor.com/nino-balenovic/d10883 ,Nino Balenović,15,4,Sve u svemu za svaku preporuku,1,2023,,1,2,1
5,https://najdoktor.com/nino-balenovic/d10883 ,Nino Balenović,16,1,Jednom rjecju - odusevljen!!,2,2023,,2,2,2
5,https://najdoktor.com/nino-balenovic/d10883 ,Nino Balenović,16,2,"Prije svega, vec se na samom ulasku u ordinaciju osjeti pozitivna atmosfera i ugodan ambijent",2,2023,,2,2,2
5,https://najdoktor.com/nino-balenovic/d10883 ,Nino Balenović,16,3,Ordinacija je cista i uredna te nema karateristican miris od kojeg se covjeku okrece zeludac prije nego uopce sjedne na zubarski stolac,2,2023,,1,2,2
5,https://najdoktor.com/nino-balenovic/d10883 ,Nino Balenović,16,4,Svaki tretman odraden je strucno i bezbolno u tolikoj mjeri da je cak i cijelozivotni strah od zubara savladan,1,2023,,2,2,2
5,https://najdoktor.com/nino-balenovic/d10883 ,Nino Balenović,16,5,"Preporuka svakome u potrazi za strucnim, a opet opustenim zubarom!!",2,2023,,2,2,2
5,https://najdoktor.com/nino-balenovic/d10883 ,Nino Balenović,17,1,"Dragi ljudi, evo ukratko moje iskustvo",1,2023,,1,2,1
5,https://najdoktor.com/nino-balenovic/d10883 ,Nino Balenović,17,2,"Veliki sam trtaroš, ne vjerujem svakome pogotovo zubarima, ali fala Bogu da ima još uvijek pojedinaca koji ti vrate vjeru",0,2023,,1,2,1
5,https://najdoktor.com/nino-balenovic/d10883 ,Nino Balenović,17,3,POLIKLINIKA BALENOVIĆ mi je skočila kao opcija u pretraživanju i mislim idemo na info (m.m. i ja) Nazvala u petak 6.1,1,2023,,1,2,1
5,https://najdoktor.com/nino-balenovic/d10883 ,Nino Balenović,17,4,I dogovorila sastanak za 9.1. 2023. jako mi je bio bitan prvi kontakt i moram vam reći da sam ugodno bila iznenadena toplinom pozitivnom i konkretnim odgovorima na sva moja pitanja,2,2023,,1,2,2
5,https://najdoktor.com/nino-balenovic/d10883 ,Nino Balenović,17,5,"Imamo puno posla, vađenja,popravci, liječenja i na kraju za mene jedino kaj dolazi u obzir su 4 implantanta koji će mi opet vratiti osmijeh i samopouzdanje",1,2023,,1,2,1
5,https://najdoktor.com/nino-balenovic/d10883 ,Nino Balenović,17,6,"Strah od nepoznatog, strah od boli je neopisiv ali Dr",0,2023,,1,2,1
5,https://najdoktor.com/nino-balenovic/d10883 ,Nino Balenović,17,7,Marija Sabljić vrhunski profesionalac I Dr,2,2023,,2,2,2
5,https://najdoktor.com/nino-balenovic/d10883 ,Nino Balenović,17,8,Balenovića otklanjanju svaki strah odrađuju besprijekorno svoj posao,0,2023,,1,2,1
5,https://najdoktor.com/nino-balenovic/d10883 ,Nino Balenović,17,9,"Zahvalna sam, sretna i toplo preporučujem!!!",2,2023,,2,2,2
5,https://najdoktor.com/nino-balenovic/d10883 ,Nino Balenović,18,1,"Odlična usluga, kvalitetno osoblje i nema čekanja, pacijent je odmah na redu",2,2022,,2,2,2
5,https://najdoktor.com/nino-balenovic/d10883 ,Nino Balenović,18,2,Osoblje je ljubazno i uslužno,1,2022,,1,2,1
5,https://najdoktor.com/nino-balenovic/d10883 ,Nino Balenović,19,1,"Dolazim kod dr. Balenovica vec godinama, imala sam problema sa zubom i od kada ga je doktor popravio nisam imala nikakvih problema s njime",1,2022,,1,2,1
5,https://najdoktor.com/nino-balenovic/d10883 ,Nino Balenović,19,2,"Od tada dolazim na ciscenja i druge popravke, svaki posjet je bezbolan i ugodan",2,2022,,2,2,2
5,https://najdoktor.com/nino-balenovic/d10883 ,Nino Balenović,19,3,Svi u ordinaciji su vrlo srdacni i ljubazni,2,2022,,1,2,2
5,https://najdoktor.com/nino-balenovic/d10883 ,Nino Balenović,19,4,Toplo preporucujem ordinaciju doktora Balenovića!,2,2022,,2,2,2
5,https://najdoktor.com/nino-balenovic/d10883 ,Nino Balenović,20,1,"Dugo godina sa cijelom obitelji koristim usluge u ordinaciji Balenović, još od kad je radio dr. Ivan Balenović",1,2022,,1,2,1
5,https://najdoktor.com/nino-balenovic/d10883 ,Nino Balenović,20,2,Dr,1,2022,,1,2,1
5,https://najdoktor.com/nino-balenovic/d10883 ,Nino Balenović,20,3,Nino i svi njegovi suradnici su fantastični,2,2022,,1,2,2
5,https://najdoktor.com/nino-balenovic/d10883 ,Nino Balenović,20,4,"Sve što trebam naprave najbolje što je moguće, brzo, bezbolno",2,2022,,2,2,2
5,https://najdoktor.com/nino-balenovic/d10883 ,Nino Balenović,20,5,"Prostor je savršeno uređen, ljudi su ljubazni, pristupačni, kad sam kod njih osjeća se optimizam i prepuštam im se s potpunim povjerenjem",2,2022,,2,2,2
5,https://najdoktor.com/nino-balenovic/d10883 ,Nino Balenović,20,6,Zahvaljujem im od srca na svemu,1,2022,,1,2,1
